draw,date,actual,predictions,mainline,support,hit_type,mark
6055,2022-10-06,8540,6301 / 6342 / 6771 / 6376 / 6701,6301 / 6342,6771 / 6376 / 6701,none,×
6056,2022-10-07,1020,6741 / 6772 / 6571 / 6301 / 6342,6741 / 6772,6571 / 6301 / 6342,none,×
6057,2022-10-10,0918,6772 / 2772 / 6741 / 2571 / 6371,6772 / 2772,6741 / 2571 / 6371,none,×
6058,2022-10-11,1313,6700 / 6742 / 6792 / 6502 / 6736,6700 / 6742,6792 / 6502 / 6736,none,×
6059,2022-10-12,7601,6331 / 6131 / 6302 / 2301 / 2502,6331 / 6131,6302 / 2301 / 2502,none,×
6060,2022-10-13,0434,6371 / 2331 / 2371 / 6771 / 6392,6371 / 2331,2371 / 6771 / 6392,none,×
6061,2022-10-14,2754,6332 / 6501 / 6832 / 6302 / 6535,6332 / 6501,6832 / 6302 / 6535,none,×
6062,2022-10-17,3745,2902 / 2901 / 2702 / 6601 / 2502,2902 / 2901,2702 / 6601 / 2502,none,×
6063,2022-10-18,5845,8909 / 6949 / 6909 / 8709 / 8901,8909 / 6949,6909 / 8709 / 8901,none,×
6064,2022-10-19,5513,6309 / 6341 / 6371 / 6779 / 6771,6309 / 6341,6371 / 6779 / 6771,none,×
6065,2022-10-20,2675,6702 / 6101 / 6731 / 6901 / 6502,6702 / 6101,6731 / 6901 / 6502,none,×
6066,2022-10-21,3540,6559 / 6779 / 6759 / 2309 / 2779,6559 / 6779,6759 / 2309 / 2779,none,×
6067,2022-10-24,6058,8341 / 8701 / 8541 / 8141 / 8342,8341 / 8701,8541 / 8141 / 8342,none,×
6068,2022-10-25,8712,6700 / 6802 / 6706 / 2702 / 6800,6700 / 6802,6706 / 2702 / 6800,none,×
6069,2022-10-26,1082,6932 / 6942 / 6772 / 2902 / 2702,6932 / 6942,6772 / 2902 / 2702,none,×
6070,2022-10-27,6152,2742 / 4742 / 6502 / 2542 / 8702,2742 / 4742,6502 / 2542 / 8702,none,×
6071,2022-10-28,9937,6302 / 6542 / 6002 / 2702 / 6602,6302 / 6542,6002 / 2702 / 6602,none,×
6072,2022-10-31,6102,6731 / 6742 / 6772 / 6734 / 6771,6731 / 6742,6772 / 6734 / 6771,none,×
6073,2022-11-01,3563,6572 / 6792 / 6702 / 6332 / 6591,6572 / 6792,6702 / 6332 / 6591,none,×
6074,2022-11-02,2016,8772 / 6791 / 8771 / 8592 / 8591,8772 / 6791,8771 / 8592 / 8591,none,×
6075,2022-11-03,2566,6732 / 6701 / 6772 / 2502 / 6501,6732 / 6701,6772 / 2502 / 6501,none,×
6076,2022-11-04,0776,2592 / 6392 / 2392 / 6192 / 2572,2592 / 6392,2392 / 6192 / 2572,none,×
6077,2022-11-07,4992,6902 / 6972 / 6702 / 6751 / 6352,6902 / 6972,6702 / 6751 / 6352,none,×
6078,2022-11-08,9055,4772 / 2572 / 2742 / 6702 / 2722,4772 / 2572,2742 / 6702 / 2722,none,×
6079,2022-11-09,3018,6701 / 6109 / 2709 / 4709 / 6505,6701 / 6109,2709 / 4709 / 6505,none,×
6080,2022-11-10,3790,2702 / 2502 / 8732 / 2732 / 2792,2702 / 2502,8732 / 2732 / 2792,none,×
6081,2022-11-11,7535,8972 / 2902 / 6972 / 6902 / 2771,8972 / 2902,6972 / 6902 / 2771,none,×
6082,2022-11-14,4940,6709 / 6339 / 2539 / 6509 / 6139,6709 / 6339,2539 / 6509 / 6139,none,×
6083,2022-11-15,2782,4742 / 2702 / 4741 / 4771 / 6771,4742 / 2702,4741 / 4771 / 6771,none,×
6084,2022-11-16,9285,2902 / 6742 / 2702 / 2542 / 2732,2902 / 6742,2702 / 2542 / 2732,none,×
6085,2022-11-17,0556,6509 / 6941 / 6501 / 6901 / 6502,6509 / 6941,6501 / 6901 / 6502,none,×
6086,2022-11-18,4549,6902 / 6102 / 6501 / 6742 / 6709,6902 / 6102,6501 / 6742 / 6709,none,×
6087,2022-11-21,4431,2542 / 2779 / 2702 / 2749 / 2709,2542 / 2779,2702 / 2749 / 2709,none,×
6088,2022-11-22,4967,4531 / 2501 / 2535 / 4535 / 2505,4531 / 2501,2535 / 4535 / 2505,none,×
6089,2022-11-23,3862,4772 / 2752 / 2712 / 4702 / 4782,4772 / 2752,2712 / 4702 / 4782,none,×
6090,2022-11-24,6349,2372 / 2792 / 2592 / 8302 / 2772,2372 / 2792,2592 / 8302 / 2772,none,×
6091,2022-11-25,2818,6549 / 6502 / 6579 / 6509 / 6702,6549 / 6502,6579 / 6509 / 6702,none,×
6092,2022-11-28,8297,6302 / 2502 / 2702 / 2392 / 6372,6302 / 2502,2702 / 2392 / 6372,none,×
6093,2022-11-29,3207,6972 / 2502 / 6532 / 2902 / 6552,6972 / 2502,6532 / 2902 / 6552,none,×
6094,2022-11-30,0017,2532 / 2572 / 8592 / 6592 / 8902,2532 / 2572,8592 / 6592 / 8902,none,×
6095,2022-12-01,0473,6732 / 6542 / 6701 / 6505 / 6592,6732 / 6542,6701 / 6505 / 6592,none,×
6096,2022-12-02,5756,6502 / 6852 / 6571 / 6556 / 6506,6502 / 6852,6571 / 6556 / 6506,none,×
6097,2022-12-05,8455,2702 / 6502 / 6901 / 6602 / 2102,2702 / 6502,6901 / 6602 / 2102,none,×
6098,2022-12-06,5542,6501 / 6502 / 6309 / 2502 / 8501,6501 / 6502,6309 / 2502 / 8501,none,×
6099,2022-12-07,5763,6542 / 2772 / 2942 / 2342 / 6502,6542 / 2772,2942 / 2342 / 6502,none,×
6100,2022-12-08,7353,2912 / 2991 / 2792 / 2952 / 6972,2912 / 2991,2792 / 2952 / 6972,none,×
6101,2022-12-09,5486,2702 / 2102 / 6501 / 6702 / 6101,2702 / 2102,6501 / 6702 / 6101,none,×
6102,2022-12-12,5641,6542 / 2532 / 2541 / 6541 / 2501,6542 / 2532,2541 / 6541 / 2501,box,〇
6103,2022-12-13,1500,6542 / 2572 / 6541 / 2502 / 2302,6542 / 2572,6541 / 2502 / 2302,none,×
6104,2022-12-14,5369,2592 / 2532 / 2772 / 6702 / 6792,2592 / 2532,2772 / 6702 / 6792,none,×
6105,2022-12-15,3692,2502 / 2572 / 6599 / 6552 / 2792,2502 / 2572,6599 / 6552 / 2792,none,×
6106,2022-12-16,9428,8572 / 2302 / 8372 / 8802 / 8542,8572 / 2302,8372 / 8802 / 8542,none,×
6107,2022-12-19,9184,2572 / 4572 / 2542 / 6552 / 2582,2572 / 4572,2542 / 6552 / 2582,none,×
6108,2022-12-20,9853,4542 / 4502 / 6742 / 6702 / 6545,4542 / 4502,6742 / 6702 / 6545,none,×
6109,2022-12-21,3522,2302 / 6306 / 4302 / 6902 / 6342,2302 / 6306,4302 / 6902 / 6342,none,×
6110,2022-12-22,7879,8572 / 2542 / 8742 / 6772 / 8582,8572 / 2542,8742 / 6772 / 8582,none,×
6111,2022-12-23,6694,2359 / 2752 / 6552 / 6359 / 6309,2359 / 2752,6552 / 6359 / 6309,none,×
6112,2022-12-26,3898,6302 / 6772 / 6802 / 6552 / 6342,6302 / 6772,6802 / 6552 / 6342,none,×
6113,2022-12-27,2131,2372 / 6372 / 2502 / 8332 / 8572,2372 / 6372,2502 / 8332 / 8572,none,×
6114,2022-12-28,5953,6532 / 2542 / 2501 / 2582 / 6535,6532 / 2542,2501 / 2582 / 6535,none,×
6115,2022-12-29,0335,2502 / 6502 / 7702 / 6706 / 2802,2502 / 6502,7702 / 6706 / 2802,none,×
6116,2022-12-30,2572,6339 / 6549 / 6532 / 6639 / 6709,6339 / 6549,6532 / 6639 / 6709,none,×
6117,2023-01-04,5409,2752 / 6752 / 6352 / 2152 / 6502,2752 / 6752,6352 / 2152 / 6502,none,×
6118,2023-01-05,3592,2532 / 6592 / 6502 / 2582 / 2832,2532 / 6592,6502 / 2582 / 2832,none,×
6119,2023-01-06,2652,2702 / 2302 / 2372 / 6502 / 2542,2702 / 2302,2372 / 6502 / 2542,none,×
6120,2023-01-09,0395,6502 / 6302 / 6802 / 2102 / 6552,6502 / 6302,6802 / 2102 / 6552,none,×
6121,2023-01-10,4608,6502 / 6539 / 6309 / 6501 / 6179,6502 / 6539,6309 / 6501 / 6179,none,×
6122,2023-01-11,1751,2502 / 2572 / 2302 / 2892 / 4332,2502 / 2572,2302 / 2892 / 4332,none,×
6123,2023-01-12,9702,6902 / 6901 / 6502 / 6702 / 6501,6902 / 6901,6502 / 6702 / 6501,none,×
6124,2023-01-13,6233,6592 / 6932 / 4992 / 2792 / 6502,6592 / 6932,4992 / 2792 / 6502,none,×
6125,2023-01-16,5925,6502 / 6531 / 6542 / 6332 / 6952,6502 / 6531,6542 / 6332 / 6952,none,×
6126,2023-01-17,0525,6779 / 2771 / 6772 / 6749 / 2542,6779 / 2771,6772 / 6749 / 2542,none,×
6127,2023-01-18,4462,6549 / 6542 / 6749 / 6571 / 6589,6549 / 6542,6749 / 6571 / 6589,none,×
6128,2023-01-19,3013,4592 / 2582 / 2502 / 4512 / 2532,4592 / 2582,2502 / 4512 / 2532,none,×
6129,2023-01-20,2203,2532 / 2592 / 8502 / 6502 / 2752,2532 / 2592,8502 / 6502 / 2752,none,×
6130,2023-01-23,1349,2502 / 6592 / 2572 / 6532 / 2531,2502 / 6592,2572 / 6532 / 2531,none,×
6131,2023-01-24,8428,6542 / 2342 / 2742 / 2592 / 4502,6542 / 2342,2742 / 2592 / 4502,none,×
6132,2023-01-25,5224,2572 / 2502 / 6582 / 6552 / 2872,2572 / 2502,6582 / 6552 / 2872,none,×
6133,2023-01-26,7248,2972 / 6542 / 2502 / 6972 / 6582,2972 / 6542,2502 / 6972 / 6582,none,×
6134,2023-01-27,5238,6542 / 2902 / 6502 / 6942 / 6342,6542 / 2902,6502 / 6942 / 6342,none,×
6135,2023-01-30,9034,2932 / 6502 / 2552 / 6932 / 6902,2932 / 6502,2552 / 6932 / 6902,none,×
6136,2023-01-31,0457,2532 / 6702 / 3532 / 3732 / 6832,2532 / 6702,3532 / 3732 / 6832,none,×
6137,2023-02-01,1781,6505 / 6542 / 6552 / 6302 / 2505,6505 / 6542,6552 / 6302 / 2505,none,×
6138,2023-02-02,1766,2902 / 4942 / 2702 / 6742 / 6702,2902 / 4942,2702 / 6742 / 6702,none,×
6139,2023-02-03,0534,2592 / 2752 / 2912 / 4992 / 2782,2592 / 2752,2912 / 4992 / 2782,none,×
6140,2023-02-06,4509,6332 / 6932 / 2532 / 2732 / 6731,6332 / 6932,2532 / 2732 / 6731,none,×
6141,2023-02-07,2697,4532 / 2792 / 2502 / 4792 / 4599,4532 / 2792,2502 / 4792 / 4599,none,×
6142,2023-02-08,0990,2532 / 6532 / 6572 / 2542 / 4502,2532 / 6532,6572 / 2542 / 4502,none,×
6143,2023-02-09,4810,6502 / 6572 / 6722 / 6771 / 2502,6502 / 6572,6722 / 6771 / 2502,none,×
6144,2023-02-10,9414,2332 / 2532 / 2392 / 4532 / 2331,2332 / 2532,2392 / 4532 / 2331,none,×
6145,2023-02-13,2577,2502 / 6552 / 4502 / 4532 / 4552,2502 / 6552,4502 / 4532 / 4552,none,×
6146,2023-02-14,1137,2752 / 4552 / 2952 / 2592 / 2152,2752 / 4552,2952 / 2592 / 2152,none,×
6147,2023-02-15,3489,4532 / 2552 / 6502 / 6552 / 0532,4532 / 2552,6502 / 6552 / 0532,none,×
6148,2023-02-16,9168,2532 / 6542 / 6502 / 2549 / 8509,2532 / 6542,6502 / 2549 / 8509,none,×
6149,2023-02-17,8414,6552 / 6562 / 6582 / 3592 / 2562,6552 / 6562,6582 / 3592 / 2562,none,×
6150,2023-02-20,9127,2502 / 6592 / 6522 / 8502 / 6572,2502 / 6592,6522 / 8502 / 6572,none,×
6151,2023-02-21,0018,6542 / 2542 / 6502 / 2582 / 4582,6542 / 2542,6502 / 2582 / 4582,none,×
6152,2023-02-22,7517,6702 / 6592 / 6722 / 2502 / 6742,6702 / 6592,6722 / 2502 / 6742,none,×
6153,2023-02-23,1156,2592 / 2542 / 2522 / 6532 / 2932,2592 / 2542,2522 / 6532 / 2932,none,×
6154,2023-02-24,3307,4502 / 2501 / 2702 / 6501 / 2402,4502 / 2501,2702 / 6501 / 2402,none,×
6155,2023-02-27,3107,8592 / 2392 / 2192 / 2572 / 2132,8592 / 2392,2192 / 2572 / 2132,none,×
6156,2023-02-28,7188,2502 / 8502 / 6592 / 6532 / 2531,2502 / 8502,6592 / 6532 / 2531,none,×
6157,2023-03-01,4985,2532 / 2512 / 6532 / 2522 / 2552,2532 / 2512,6532 / 2522 / 2552,none,×
6158,2023-03-02,8568,4709 / 2509 / 2749 / 4742 / 2539,4709 / 2509,2749 / 4742 / 2539,none,×
6159,2023-03-03,2006,6512 / 2582 / 6562 / 6582 / 6192,6512 / 2582,6562 / 6582 / 6192,none,×
6160,2023-03-06,9748,2502 / 2702 / 6592 / 6532 / 5592,2502 / 2702,6592 / 6532 / 5592,none,×
6161,2023-03-07,8386,6942 / 4542 / 2942 / 2542 / 2742,6942 / 4542,2942 / 2542 / 2742,none,×
6162,2023-03-08,3482,6502 / 2102 / 2532 / 8542 / 6602,6502 / 2102,2532 / 8542 / 6602,none,×
6163,2023-03-09,2140,8502 / 6502 / 8532 / 2582 / 2522,8502 / 6502,8532 / 2582 / 2522,none,×
6164,2023-03-10,8682,2572 / 2592 / 2501 / 2582 / 5542,2572 / 2592,2501 / 2582 / 5542,none,×
6165,2023-03-13,3588,6542 / 2302 / 6342 / 8542 / 2742,6542 / 2302,6342 / 8542 / 2742,none,×
6166,2023-03-14,7497,8542 / 2302 / 2742 / 2702 / 8702,8542 / 2302,2742 / 2702 / 8702,none,×
6167,2023-03-15,7052,2532 / 2522 / 2501 / 2542 / 2802,2532 / 2522,2501 / 2542 / 2802,none,×
6168,2023-03-16,6366,6502 / 2802 / 2302 / 2542 / 0702,6502 / 2802,2302 / 2542 / 0702,none,×
6169,2023-03-17,2046,6552 / 6582 / 6502 / 6392 / 2392,6552 / 6582,6502 / 6392 / 2392,none,×
6170,2023-03-20,8344,2742 / 2582 / 2592 / 6502 / 2522,2742 / 2582,2592 / 6502 / 2522,none,×
6171,2023-03-21,4163,6542 / 2572 / 8542 / 2342 / 6342,6542 / 2572,8542 / 2342 / 6342,none,×
6172,2023-03-22,0932,2512 / 2552 / 2562 / 4552 / 2551,2512 / 2552,2562 / 4552 / 2551,none,×
6173,2023-03-23,4439,6702 / 2532 / 6582 / 6552 / 2782,6702 / 2532,6582 / 6552 / 2782,none,×
6174,2023-03-24,4243,2502 / 4502 / 4539 / 4582 / 4332,2502 / 4502,4539 / 4582 / 4332,none,×
6175,2023-03-27,1614,2502 / 2572 / 4942 / 2592 / 4902,2502 / 2572,4942 / 2592 / 4902,none,×
6176,2023-03-28,9526,2302 / 2592 / 6502 / 2542 / 2392,2302 / 2592,6502 / 2542 / 2392,none,×
6177,2023-03-29,2389,2542 / 2572 / 2582 / 4572 / 2342,2542 / 2572,2582 / 4572 / 2342,none,×
6178,2023-03-30,3025,2142 / 2532 / 2549 / 2509 / 6142,2142 / 2532,2549 / 2509 / 6142,none,×
6179,2023-03-31,9631,2579 / 2582 / 2779 / 2542 / 8582,2579 / 2582,2779 / 2542 / 8582,none,×
6180,2023-04-03,7815,6332 / 6531 / 3532 / 6331 / 6535,6332 / 6531,3532 / 6331 / 6535,none,×
6181,2023-04-04,8705,2329 / 2332 / 2399 / 2509 / 2502,2329 / 2332,2399 / 2509 / 2502,none,×
6182,2023-04-05,7211,2909 / 2999 / 6599 / 6999 / 2592,2909 / 2999,6599 / 6999 / 2592,none,×
6183,2023-04-06,0317,2902 / 2505 / 6502 / 2522 / 2332,2902 / 2505,6502 / 2522 / 2332,none,×
6184,2023-04-07,1962,6102 / 6132 / 6302 / 6602 / 6322,6102 / 6132,6302 / 6602 / 6322,none,×
6185,2023-04-10,4855,2712 / 2782 / 2702 / 4592 / 6712,2712 / 2782,2702 / 4592 / 6712,none,×
6186,2023-04-11,2617,2302 / 2509 / 4301 / 2502 / 2305,2302 / 2509,4301 / 2502 / 2305,none,×
6187,2023-04-12,6651,2302 / 2592 / 2522 / 2542 / 4502,2302 / 2592,2522 / 2542 / 4502,none,×
6188,2023-04-13,3959,6302 / 6505 / 6301 / 2505 / 6101,6302 / 6505,6301 / 2505 / 6101,none,×
6189,2023-04-14,9788,8702 / 2509 / 8509 / 6702 / 6509,8702 / 2509,8509 / 6702 / 6509,none,×
6190,2023-04-17,8297,6902 / 4902 / 2542 / 2502 / 6702,6902 / 4902,2542 / 2502 / 6702,none,×
6191,2023-04-18,3466,2902 / 8502 / 6532 / 2932 / 6332,2902 / 8502,6532 / 2932 / 6332,none,×
6192,2023-04-19,6655,2582 / 2552 / 8582 / 8552 / 2392,2582 / 2552,8582 / 8552 / 2392,none,×
6193,2023-04-20,0120,2509 / 6501 / 2502 / 6301 / 6809,2509 / 6501,2502 / 6301 / 6809,none,×
6194,2023-04-21,2371,6572 / 2582 / 6522 / 6541 / 6382,6572 / 2582,6522 / 6541 / 6382,none,×
6195,2023-04-24,1679,2152 / 6552 / 2502 / 2652 / 2752,2152 / 6552,2502 / 2652 / 2752,none,×
6196,2023-04-25,6602,2559 / 2502 / 2359 / 4559 / 2509,2559 / 2502,2359 / 4559 / 2509,none,×
6197,2023-04-26,2613,6502 / 6302 / 2592 / 2502 / 6312,6502 / 6302,2592 / 2502 / 6312,box,〇
6198,2023-04-27,2784,2532 / 6502 / 2501 / 6302 / 2322,2532 / 6502,2501 / 6302 / 2322,none,×
6199,2023-04-28,6083,2742 / 2502 / 2932 / 2602 / 4942,2742 / 2502,2932 / 2602 / 4942,none,×
6200,2023-05-01,2806,6542 / 2702 / 2542 / 6741 / 2732,6542 / 2702,2542 / 6741 / 2732,none,×
6201,2023-05-02,3159,2392 / 6332 / 6302 / 2372 / 2582,2392 / 6332,6302 / 2372 / 2582,none,×
6202,2023-05-03,5658,8502 / 2302 / 2702 / 6509 / 8309,8502 / 2302,2702 / 6509 / 8309,none,×
6203,2023-05-04,3084,2702 / 6302 / 2802 / 7502 / 2306,2702 / 6302,2802 / 7502 / 2306,none,×
6204,2023-05-05,2558,2742 / 8502 / 8542 / 8702 / 2342,2742 / 8502,8542 / 8702 / 2342,none,×
6205,2023-05-08,2954,2102 / 6502 / 6302 / 6702 / 2504,2102 / 6502,6302 / 6702 / 2504,none,×
6206,2023-05-09,8977,6702 / 2501 / 2402 / 2752 / 2505,6702 / 2501,2402 / 2752 / 2505,none,×
6207,2023-05-10,3712,6752 / 2751 / 8752 / 8552 / 6751,6752 / 2751,8752 / 8552 / 6751,none,×
6208,2023-05-11,0048,2932 / 2952 / 8902 / 2942 / 2682,2932 / 2952,8902 / 2942 / 2682,none,×
6209,2023-05-12,2494,2542 / 6702 / 6772 / 6582 / 2772,2542 / 6702,6772 / 6582 / 2772,none,×
6210,2023-05-15,7211,2532 / 2542 / 2522 / 6502 / 2551,2532 / 2542,2522 / 6502 / 2551,none,×
6211,2023-05-16,5158,2582 / 2982 / 2532 / 2581 / 2952,2582 / 2982,2532 / 2581 / 2952,none,×
6212,2023-05-17,6987,2302 / 2504 / 7502 / 2506 / 6702,2302 / 2504,7502 / 2506 / 6702,none,×
6213,2023-05-18,9262,6742 / 2782 / 2502 / 6542 / 6706,6742 / 2782,2502 / 6542 / 6706,none,×
6214,2023-05-19,8990,2582 / 6512 / 6552 / 2552 / 6592,2582 / 6512,6552 / 2552 / 6592,none,×
6215,2023-05-22,7143,6702 / 2732 / 2752 / 6701 / 2711,6702 / 2732,2752 / 6701 / 2711,none,×
6216,2023-05-23,9826,2502 / 2592 / 2581 / 6542 / 2506,2502 / 2592,2581 / 6542 / 2506,none,×
6217,2023-05-24,4645,2372 / 6342 / 3382 / 2582 / 2982,2372 / 6342,3382 / 2582 / 2982,none,×
6218,2023-05-25,9918,2509 / 4349 / 2542 / 2149 / 4149,2509 / 4349,2542 / 2149 / 4149,none,×
6219,2023-05-26,1742,2782 / 6782 / 2752 / 2582 / 2532,2782 / 6782,2752 / 2582 / 2532,none,×
6220,2023-05-29,0247,2982 / 6942 / 2742 / 2542 / 2502,2982 / 6942,2742 / 2542 / 2502,none,×
6221,2023-05-30,7906,6542 / 6342 / 6982 / 2902 / 6992,6542 / 6342,6982 / 2902 / 6992,none,×
6222,2023-05-31,1246,2712 / 2592 / 2582 / 2512 / 2742,2712 / 2592,2582 / 2512 / 2742,none,×
6223,2023-06-01,7494,2902 / 2982 / 2342 / 2502 / 2042,2902 / 2982,2342 / 2502 / 2042,none,×
6224,2023-06-02,1880,2542 / 2512 / 6502 / 2582 / 6542,2542 / 2512,6502 / 2582 / 6542,none,×
6225,2023-06-05,8034,2341 / 4342 / 3342 / 2542 / 2332,2341 / 4342,3342 / 2542 / 2332,none,×
6226,2023-06-06,1308,2782 / 6532 / 2132 / 2502 / 8782,2782 / 6532,2132 / 2502 / 8782,none,×
6227,2023-06-07,6843,2102 / 2582 / 2682 / 2112 / 2512,2102 / 2582,2682 / 2112 / 2512,none,×
6228,2023-06-08,0503,6346 / 2302 / 2341 / 2382 / 6344,6346 / 2302,2341 / 2382 / 6344,none,×
6229,2023-06-09,2776,6302 / 6382 / 6502 / 6102 / 6932,6302 / 6382,6502 / 6102 / 6932,none,×
6230,2023-06-12,1360,2752 / 2652 / 2951 / 2152 / 2502,2752 / 2652,2951 / 2152 / 2502,none,×
6231,2023-06-13,7421,2182 / 2592 / 2152 / 2552 / 6112,2182 / 2592,2152 / 2552 / 6112,none,×
6232,2023-06-14,9894,2572 / 2502 / 2545 / 6542 / 2501,2572 / 2502,2545 / 6542 / 2501,none,×
6233,2023-06-15,6776,2372 / 2342 / 6342 / 2352 / 6902,2372 / 2342,6342 / 2352 / 6902,none,×
6234,2023-06-16,2362,6902 / 6552 / 6752 / 6951 / 6702,6902 / 6552,6752 / 6951 / 6702,none,×
6235,2023-06-19,0299,2182 / 2382 / 2692 / 2112 / 2102,2182 / 2382,2692 / 2112 / 2102,none,×
6236,2023-06-20,8127,6909 / 6942 / 2972 / 6932 / 6552,6909 / 6942,2972 / 6932 / 6552,none,×
6237,2023-06-21,1170,2572 / 6582 / 2342 / 8542 / 6502,2572 / 6582,2342 / 8542 / 6502,none,×
6238,2023-06-22,4952,6552 / 2502 / 2752 / 2572 / 8552,6552 / 2502,2752 / 2572 / 8552,none,×
6239,2023-06-23,7452,4702 / 2902 / 2302 / 4742 / 2102,4702 / 2902,2302 / 4742 / 2102,none,×
6240,2023-06-26,4586,2302 / 2552 / 2702 / 6302 / 2852,2302 / 2552,2702 / 6302 / 2852,none,×
6241,2023-06-27,5103,2742 / 2302 / 4342 / 2702 / 2332,2742 / 2302,4342 / 2702 / 2332,none,×
6242,2023-06-28,1899,2582 / 2512 / 6592 / 2792 / 2382,2582 / 2512,6592 / 2792 / 2382,none,×
6243,2023-06-29,9098,6302 / 6372 / 2332 / 2322 / 6352,6302 / 6372,2332 / 2322 / 6352,none,×
6244,2023-06-30,2774,6502 / 2772 / 6572 / 2572 / 6542,6502 / 2772,6572 / 2572 / 6542,none,×
6245,2023-07-03,8164,6952 / 2352 / 2652 / 2972 / 2702,6952 / 2352,2652 / 2972 / 2702,none,×
6246,2023-07-04,3899,6552 / 2392 / 6512 / 2792 / 2352,6552 / 2392,6512 / 2792 / 2352,none,×
6247,2023-07-05,8446,2352 / 2379 / 8302 / 8372 / 2339,2352 / 2379,8302 / 8372 / 2339,none,×
6248,2023-07-06,8092,2502 / 6502 / 8542 / 2342 / 6541,2502 / 6502,8542 / 2342 / 6541,none,×
6249,2023-07-07,2903,6772 / 2572 / 2742 / 2752 / 6722,6772 / 2572,2742 / 2752 / 6722,none,×
6250,2023-07-10,2799,2732 / 2592 / 6792 / 2796 / 2771,2732 / 2592,6792 / 2796 / 2771,none,×
6251,2023-07-11,8766,2909 / 2952 / 2942 / 2772 / 2912,2909 / 2952,2942 / 2772 / 2912,none,×
6252,2023-07-12,0179,2792 / 8992 / 2902 / 2592 / 2712,2792 / 8992,2902 / 2592 / 2712,none,×
6253,2023-07-13,4647,2552 / 2752 / 6551 / 6352 / 2759,2552 / 2752,6551 / 6352 / 2759,none,×
6254,2023-07-14,2175,2742 / 2842 / 2372 / 2142 / 2942,2742 / 2842,2372 / 2142 / 2942,none,×
6255,2023-07-17,9760,2551 / 2509 / 2359 / 2752 / 2554,2551 / 2509,2359 / 2752 / 2554,none,×
6256,2023-07-18,5241,2792 / 2952 / 2912 / 2902 / 2192,2792 / 2952,2912 / 2902 / 2192,none,×
6257,2023-07-19,3416,2941 / 2992 / 2901 / 2991 / 2742,2941 / 2992,2901 / 2991 / 2742,none,×
6258,2023-07-20,2247,2542 / 2552 / 2582 / 8802 / 2852,2542 / 2552,2582 / 8802 / 2852,none,×
6259,2023-07-21,9334,2972 / 2342 / 2502 / 2941 / 2302,2972 / 2342,2502 / 2941 / 2302,none,×
6260,2023-07-24,1121,6102 / 2142 / 2152 / 2182 / 6632,6102 / 2142,2152 / 2182 / 6632,none,×
6261,2023-07-25,9793,2772 / 2742 / 2541 / 2372 / 6542,2772 / 2742,2541 / 2372 / 6542,none,×
6262,2023-07-26,5867,6902 / 6972 / 6772 / 2942 / 2771,6902 / 6972,6772 / 2942 / 2771,none,×
6263,2023-07-27,2882,2352 / 2592 / 2992 / 2192 / 2692,2352 / 2592,2992 / 2192 / 2692,none,×
6264,2023-07-28,8071,2742 / 2542 / 2142 / 6342 / 2382,2742 / 2542,2142 / 6342 / 2382,none,×
6265,2023-07-31,8549,2552 / 6751 / 2152 / 2755 / 2771,2552 / 6751,2152 / 2755 / 2771,none,×
6266,2023-08-01,7169,2342 / 2772 / 2749 / 2702 / 8742,2342 / 2772,2749 / 2702 / 8742,none,×
6267,2023-08-02,3090,2792 / 2559 / 2392 / 2572 / 2562,2792 / 2559,2392 / 2572 / 2562,none,×
6268,2023-08-03,3805,2771 / 2742 / 2502 / 2172 / 2732,2771 / 2742,2502 / 2172 / 2732,none,×
6269,2023-08-04,0369,2799 / 2099 / 2599 / 2309 / 2699,2799 / 2099,2599 / 2309 / 2699,none,×
6270,2023-08-07,5294,6192 / 6599 / 6592 / 2392 / 2399,6192 / 6599,6592 / 2392 / 2399,none,×
6271,2023-08-08,9566,2502 / 2372 / 2942 / 2702 / 2072,2502 / 2372,2942 / 2702 / 2072,none,×
6272,2023-08-09,5069,2392 / 6792 / 2992 / 6592 / 2752,2392 / 6792,2992 / 6592 / 2752,none,×
6273,2023-08-10,3793,2592 / 2199 / 2892 / 2762 / 2392,2592 / 2199,2892 / 2762 / 2392,none,×
6274,2023-08-11,1226,2702 / 2771 / 2901 / 8902 / 2172,2702 / 2771,2901 / 8902 / 2172,none,×
6275,2023-08-14,5897,2572 / 2342 / 2982 / 2582 / 6942,2572 / 2342,2982 / 2582 / 6942,none,×
6276,2023-08-15,5677,2702 / 2502 / 2306 / 2392 / 2742,2702 / 2502,2306 / 2392 / 2742,none,×
6277,2023-08-16,5054,2852 / 2592 / 2502 / 2556 / 2372,2852 / 2592,2502 / 2556 / 2372,none,×
6278,2023-08-17,1697,2102 / 2742 / 6702 / 2752 / 2142,2102 / 2742,6702 / 2752 / 2142,none,×
6279,2023-08-18,7425,2372 / 2802 / 2772 / 2172 / 2506,2372 / 2802,2772 / 2172 / 2506,none,×
6280,2023-08-21,5517,2879 / 2509 / 2542 / 2571 / 2872,2879 / 2509,2542 / 2571 / 2872,none,×
6281,2023-08-22,4537,2102 / 2742 / 2592 / 2502 / 2732,2102 / 2742,2592 / 2502 / 2732,none,×
6282,2023-08-23,3295,2532 / 2502 / 2332 / 2142 / 2582,2532 / 2502,2332 / 2142 / 2582,none,×
6283,2023-08-24,7780,2509 / 8979 / 8509 / 2949 / 8949,2509 / 8979,8509 / 2949 / 8949,none,×
6284,2023-08-25,8597,2941 / 2741 / 2702 / 2992 / 2991,2941 / 2741,2702 / 2992 / 2991,none,×
6285,2023-08-28,0855,2172 / 2502 / 8772 / 2372 / 6702,2172 / 2502,8772 / 2372 / 6702,none,×
6286,2023-08-29,1308,6709 / 2709 / 6301 / 2509 / 6609,6709 / 2709,6301 / 2509 / 6609,none,×
6287,2023-08-30,8393,2392 / 6192 / 4192 / 6592 / 2102,2392 / 6192,4192 / 6592 / 2102,none,×
6288,2023-08-31,4044,2502 / 8172 / 8101 / 8502 / 8802,2502 / 8172,8101 / 8502 / 8802,none,×
6289,2023-09-01,5286,2542 / 2702 / 2772 / 2142 / 2791,2542 / 2702,2772 / 2142 / 2791,none,×
6290,2023-09-04,1434,2502 / 2592 / 6542 / 2302 / 2142,2502 / 2592,6542 / 2302 / 2142,none,×
6291,2023-09-05,1115,2542 / 6532 / 2592 / 4532 / 2531,2542 / 6532,2592 / 4532 / 2531,none,×
6292,2023-09-06,2988,6599 / 2799 / 6509 / 2592 / 6549,6599 / 2799,6509 / 2592 / 6549,none,×
6293,2023-09-07,9398,2792 / 6742 / 2732 / 2502 / 5742,2792 / 6742,2732 / 2502 / 5742,none,×
6294,2023-09-08,6470,2502 / 2302 / 6172 / 6502 / 4102,2502 / 2302,6172 / 6502 / 4102,none,×
6295,2023-09-11,1134,6552 / 6592 / 2502 / 6591 / 6852,6552 / 6592,2502 / 6591 / 6852,none,×
6296,2023-09-12,1108,2542 / 2592 / 6532 / 2702 / 2742,2542 / 2592,6532 / 2702 / 2742,none,×
6297,2023-09-13,6372,2392 / 2594 / 2596 / 8592 / 7592,2392 / 2594,2596 / 8592 / 7592,none,×
6298,2023-09-14,0402,6192 / 2592 / 2552 / 2392 / 2302,6192 / 2592,2552 / 2392 / 2302,none,×
6299,2023-09-15,7219,6892 / 2392 / 6502 / 6572 / 2792,6892 / 2392,6502 / 6572 / 2792,none,×
6300,2023-09-18,8587,2599 / 2399 / 2909 / 2992 / 2539,2599 / 2399,2909 / 2992 / 2539,none,×
6301,2023-09-19,3914,2142 / 2542 / 2702 / 8102 / 6102,2142 / 2542,2702 / 8102 / 6102,none,×
6302,2023-09-20,0003,8702 / 2592 / 2742 / 2502 / 2791,8702 / 2592,2742 / 2502 / 2791,none,×
6303,2023-09-21,3400,2792 / 6596 / 6192 / 6591 / 6594,2792 / 6596,6192 / 6591 / 6594,none,×
6304,2023-09-22,7384,2591 / 8892 / 2502 / 6592 / 2891,2591 / 8892,2502 / 6592 / 2891,none,×
6305,2023-09-25,5563,2142 / 2192 / 2342 / 2392 / 2742,2142 / 2192,2342 / 2392 / 2742,none,×
6306,2023-09-26,2668,2192 / 2196 / 2396 / 2591 / 6196,2192 / 2196,2396 / 2591 / 6196,none,×
6307,2023-09-27,5367,2192 / 6592 / 6392 / 2394 / 2396,2192 / 6592,6392 / 2394 / 2396,none,×
6308,2023-09-28,5662,2392 / 2194 / 2692 / 2196 / 2195,2392 / 2194,2692 / 2196 / 2195,none,×
6309,2023-09-29,8286,2192 / 6392 / 2362 / 2562 / 2992,2192 / 6392,2362 / 2562 / 2992,none,×
6310,2023-10-02,6183,8502 / 2902 / 8542 / 2342 / 2992,8502 / 2902,8542 / 2342 / 2992,none,×
6311,2023-10-03,5384,6502 / 6506 / 6592 / 2506 / 2582,6502 / 6506,6592 / 2506 / 2582,none,×
6312,2023-10-04,2959,2502 / 2302 / 2342 / 2392 / 2101,2502 / 2302,2342 / 2392 / 2101,none,×
6313,2023-10-05,8461,2502 / 6709 / 2701 / 5702 / 2742,2502 / 6709,2701 / 5702 / 2742,none,×
6314,2023-10-06,8305,2591 / 2595 / 2392 / 8595 / 6562,2591 / 2595,2392 / 8595 / 6562,none,×
6315,2023-10-09,6283,6199 / 8399 / 2399 / 6399 / 2799,6199 / 8399,2399 / 6399 / 2799,none,×
6316,2023-10-10,5048,2542 / 6542 / 6506 / 6302 / 2501,2542 / 6542,6506 / 6302 / 2501,none,×
6317,2023-10-11,6301,2542 / 2742 / 2572 / 2192 / 2342,2542 / 2742,2572 / 2192 / 2342,none,×
6318,2023-10-12,2277,2592 / 2191 / 6392 / 6391 / 6692,2592 / 2191,6392 / 6391 / 6692,none,×
6319,2023-10-13,5997,2592 / 2902 / 2952 / 2992 / 2504,2592 / 2902,2952 / 2992 / 2504,none,×
6320,2023-10-16,9304,2502 / 6702 / 2774 / 6772 / 2732,2502 / 6702,2774 / 6772 / 2732,none,×
6321,2023-10-17,7379,6192 / 6592 / 6191 / 6391 / 6102,6192 / 6592,6191 / 6391 / 6102,none,×
6322,2023-10-18,1598,2302 / 2392 / 2352 / 2559 / 2592,2302 / 2392,2352 / 2559 / 2592,none,×
6323,2023-10-19,2762,2502 / 2702 / 2572 / 6372 / 8302,2502 / 2702,2572 / 6372 / 8302,none,×
6324,2023-10-20,3302,2592 / 6992 / 2962 / 2362 / 2562,2592 / 6992,2962 / 2362 / 2562,none,×
6325,2023-10-23,8282,2192 / 8592 / 2302 / 8302 / 8382,2192 / 8592,2302 / 8302 / 8382,none,×
6326,2023-10-24,3461,8302 / 6502 / 2902 / 2542 / 2392,8302 / 6502,2902 / 2542 / 2392,none,×
6327,2023-10-25,7059,2591 / 2595 / 8392 / 8391 / 8581,2591 / 2595,8392 / 8391 / 8581,none,×
6328,2023-10-26,1954,2509 / 2309 / 2102 / 6509 / 6302,2509 / 2309,2102 / 6509 / 6302,none,×
6329,2023-10-27,1763,6702 / 6502 / 3702 / 4702 / 2902,6702 / 6502,3702 / 4702 / 2902,none,×
6330,2023-10-30,1487,2792 / 2391 / 6992 / 2362 / 2382,2792 / 2391,6992 / 2362 / 2382,none,×
6331,2023-10-31,0945,2302 / 2582 / 6542 / 2504 / 2532,2302 / 2582,6542 / 2504 / 2532,none,×
6332,2023-11-01,0469,6799 / 6509 / 6789 / 6549 / 2509,6799 / 6509,6789 / 6549 / 2509,none,×
6333,2023-11-02,3388,2592 / 6392 / 2599 / 2392 / 2562,2592 / 6392,2599 / 2392 / 2562,none,×
6334,2023-11-03,5764,8302 / 2542 / 8502 / 2142 / 6302,8302 / 2542,8502 / 2142 / 6302,none,×
6335,2023-11-06,3933,2592 / 2382 / 2962 / 6992 / 2582,2592 / 2382,2962 / 6992 / 2582,none,×
6336,2023-11-07,3861,2782 / 8732 / 8701 / 2701 / 8704,2782 / 8732,8701 / 2701 / 8704,none,×
6337,2023-11-08,1559,2391 / 2382 / 8382 / 8362 / 8302,2391 / 2382,8382 / 8362 / 8302,none,×
6338,2023-11-09,0231,2502 / 2509 / 3309 / 2702 / 2301,2502 / 2509,3309 / 2702 / 2301,box,〇
6339,2023-11-10,7197,6302 / 6301 / 6902 / 6532 / 6931,6302 / 6301,6902 / 6532 / 6931,none,×
6340,2023-11-13,6154,2572 / 2504 / 6302 / 2501 / 2582,2572 / 2504,6302 / 2501 / 2582,none,×
6341,2023-11-14,7277,6302 / 2501 / 6702 / 2702 / 3502,6302 / 2501,6702 / 2702 / 3502,none,×
6342,2023-11-15,6562,2952 / 2302 / 2902 / 6352 / 6554,2952 / 2302,2902 / 6352 / 6554,none,×
6343,2023-11-16,3989,6362 / 6382 / 6562 / 2362 / 6162,6362 / 6382,6562 / 2362 / 6162,none,×
6344,2023-11-17,2111,8702 / 2502 / 8502 / 2509 / 8542,8702 / 2502,8502 / 2509 / 8542,none,×
6345,2023-11-20,8867,2582 / 2505 / 2592 / 2581 / 6582,2582 / 2505,2592 / 2581 / 6582,none,×
6346,2023-11-21,2930,6362 / 2362 / 2382 / 8382 / 6384,6362 / 2362,2382 / 8382 / 6384,none,×
6347,2023-11-22,6977,2782 / 2532 / 6702 / 2731 / 6502,2782 / 2532,6702 / 2731 / 6502,none,×
6348,2023-11-23,1239,2752 / 2552 / 6502 / 2502 / 6751,2752 / 2552,6502 / 2502 / 6751,none,×
6349,2023-11-24,9198,2502 / 2532 / 6909 / 2339 / 6339,2502 / 2532,6909 / 2339 / 6339,none,×
6350,2023-11-27,0271,6572 / 2302 / 6372 / 6504 / 4502,6572 / 2302,6372 / 6504 / 4502,none,×
6351,2023-11-28,4077,6952 / 6502 / 6902 / 6501 / 2552,6952 / 6502,6902 / 6501 / 2552,none,×
6352,2023-11-29,2317,2502 / 2592 / 4552 / 2152 / 2392,2502 / 2592,4552 / 2152 / 2392,none,×
6353,2023-11-30,1184,2102 / 6302 / 2392 / 2182 / 6332,2102 / 6302,2392 / 2182 / 6332,none,×
6354,2023-12-01,5892,2542 / 2342 / 6302 / 2501 / 3502,2542 / 2342,6302 / 2501 / 3502,none,×
6355,2023-12-04,7648,6302 / 2382 / 7372 / 2352 / 3302,6302 / 2382,7372 / 2352 / 3302,none,×
6356,2023-12-05,1304,2342 / 2392 / 2502 / 6342 / 6542,2342 / 2392,2502 / 6342 / 6542,none,×
6357,2023-12-06,5235,2192 / 2302 / 6192 / 6592 / 3392,2192 / 2302,6192 / 6592 / 3392,none,×
6358,2023-12-07,6529,2939 / 2539 / 2989 / 6339 / 2902,2939 / 2539,2989 / 6339 / 2902,none,×
6359,2023-12-08,5751,6379 / 6389 / 6302 / 6309 / 6371,6379 / 6389,6302 / 6309 / 6371,none,×
6360,2023-12-11,3872,2302 / 2301 / 2502 / 6301 / 7902,2302 / 2301,2502 / 6301 / 7902,none,×
6361,2023-12-12,0959,8352 / 2372 / 6352 / 6302 / 6372,8352 / 2372,6352 / 6302 / 6372,none,×
6362,2023-12-13,2487,6502 / 2702 / 6302 / 2709 / 6409,6502 / 2702,6302 / 2709 / 6409,none,×
6363,2023-12-14,1228,2542 / 2342 / 6302 / 2382 / 2802,2542 / 2342,6302 / 2382 / 2802,none,×
6364,2023-12-15,8284,2572 / 2382 / 6972 / 6572 / 2542,2572 / 2382,6972 / 6572 / 2542,none,×
6365,2023-12-18,9116,6302 / 2502 / 6942 / 6342 / 8302,6302 / 2502,6942 / 6342 / 8302,none,×
6366,2023-12-19,8696,6582 / 2302 / 2582 / 2382 / 6702,6582 / 2302,2582 / 2382 / 6702,none,×
6367,2023-12-20,6147,6372 / 8372 / 6502 / 6332 / 6102,6372 / 8372,6502 / 6332 / 6102,none,×
6368,2023-12-21,2870,2502 / 6582 / 6572 / 2542 / 6304,2502 / 6582,6572 / 2542 / 6304,none,×
6369,2023-12-22,2986,2351 / 2301 / 2372 / 2392 / 2391,2351 / 2301,2372 / 2392 / 2391,none,×
6370,2023-12-25,9134,2502 / 2542 / 2302 / 6742 / 2762,2502 / 2542,2302 / 6742 / 2762,none,×
6371,2023-12-26,2473,6532 / 6382 / 2502 / 2532 / 6581,6532 / 6382,2502 / 2532 / 6581,none,×
6372,2023-12-27,0942,2502 / 2572 / 2302 / 6551 / 2532,2502 / 2572,2302 / 6551 / 2532,none,×
6373,2023-12-28,8104,6742 / 6782 / 2772 / 2742 / 6902,6742 / 6782,2772 / 2742 / 6902,none,×
6374,2023-12-29,0377,2582 / 2502 / 2392 / 2572 / 6562,2582 / 2502,2392 / 2572 / 6562,none,×
6375,2024-01-04,7405,6552 / 6302 / 2352 / 2102 / 6151,6552 / 6302,2352 / 2102 / 6151,none,×
6376,2024-01-05,5170,2399 / 2579 / 6509 / 2389 / 2592,2399 / 2579,6509 / 2389 / 2592,none,×
6377,2024-01-08,4587,2502 / 6552 / 2572 / 6551 / 6351,2502 / 6552,2572 / 6551 / 6351,none,×
6378,2024-01-09,1610,2902 / 2142 / 2942 / 2542 / 2104,2902 / 2142,2942 / 2542 / 2104,none,×
6379,2024-01-10,7124,2301 / 6302 / 2582 / 6301 / 2182,2301 / 6302,2582 / 6301 / 2182,none,×
6380,2024-01-11,9214,2372 / 6582 / 2502 / 6372 / 2371,2372 / 6582,2502 / 6372 / 2371,none,×
6381,2024-01-12,0944,2982 / 6982 / 6302 / 2582 / 6332,2982 / 6982,6302 / 2582 / 6332,none,×
6382,2024-01-15,0080,2702 / 2772 / 6782 / 6572 / 2572,2702 / 2772,6782 / 6572 / 2572,none,×
6383,2024-01-16,8895,6501 / 6702 / 6141 / 2502 / 6741,6501 / 6702,6141 / 2502 / 6741,none,×
6384,2024-01-17,2293,2379 / 8379 / 6339 / 2372 / 6302,2379 / 8379,6339 / 2372 / 6302,none,×
6385,2024-01-18,2864,2572 / 2971 / 2901 / 2974 / 2371,2572 / 2971,2901 / 2974 / 2371,none,×
6386,2024-01-19,8095,2362 / 2352 / 2391 / 2381 / 2192,2362 / 2352,2391 / 2381 / 2192,none,×
6387,2024-01-22,2651,2509 / 6579 / 6509 / 6179 / 8779,2509 / 6579,6509 / 6179 / 8779,none,×
6388,2024-01-23,8913,2502 / 2501 / 2305 / 6301 / 6101,2502 / 2501,2305 / 6301 / 6101,none,×
6389,2024-01-24,2199,2701 / 2792 / 2502 / 6782 / 8702,2701 / 2792,2502 / 6782 / 8702,none,×
6390,2024-01-25,3648,2579 / 2379 / 2302 / 2309 / 2552,2579 / 2379,2302 / 2309 / 2552,none,×
6391,2024-01-26,4108,2342 / 2502 / 2572 / 2344 / 8342,2342 / 2502,2572 / 2344 / 8342,none,×
6392,2024-01-29,9353,2572 / 2594 / 2532 / 2192 / 2504,2572 / 2594,2532 / 2192 / 2504,none,×
6393,2024-01-30,2137,6101 / 2502 / 2104 / 6104 / 2106,6101 / 2502,2104 / 6104 / 2106,none,×
6394,2024-01-31,6806,2582 / 2534 / 2382 / 2504 / 2102,2582 / 2534,2382 / 2504 / 2102,none,×
6395,2024-02-01,9358,6392 / 2332 / 6372 / 6332 / 2362,6392 / 2332,6372 / 6332 / 2362,none,×
6396,2024-02-02,4692,2302 / 6104 / 6302 / 2602 / 6304,2302 / 6104,6302 / 2602 / 6304,none,×
6397,2024-02-05,6724,2172 / 2502 / 2352 / 2342 / 2772,2172 / 2502,2352 / 2342 / 2772,none,×
6398,2024-02-06,3003,6972 / 2372 / 2902 / 2572 / 2952,6972 / 2372,2902 / 2572 / 2952,none,×
6399,2024-02-07,9372,2792 / 2591 / 2172 / 2194 / 2794,2792 / 2591,2172 / 2194 / 2794,none,×
6400,2024-02-08,0006,2102 / 6552 / 6102 / 2192 / 2132,2102 / 6552,6102 / 2192 / 2132,none,×
6401,2024-02-09,5389,2592 / 6792 / 6772 / 6172 / 2102,2592 / 6792,6772 / 6172 / 2102,none,×
6402,2024-02-12,0045,2109 / 2101 / 2342 / 2182 / 2172,2109 / 2101,2342 / 2182 / 2172,none,×
6403,2024-02-13,0710,6709 / 6309 / 2709 / 6779 / 2309,6709 / 6309,2709 / 6779 / 2309,none,×
6404,2024-02-14,7229,6901 / 6982 / 2901 / 2992 / 2942,6901 / 6982,2901 / 2992 / 2942,none,×
6405,2024-02-15,7029,2982 / 2942 / 2949 / 2579 / 2382,2982 / 2942,2949 / 2579 / 2382,none,×
6406,2024-02-16,4208,2172 / 2572 / 2379 / 2372 / 2582,2172 / 2572,2379 / 2372 / 2582,none,×
6407,2024-02-19,7390,2972 / 2982 / 2994 / 2572 / 2382,2972 / 2982,2994 / 2572 / 2382,none,×
6408,2024-02-20,0042,2171 / 6171 / 2302 / 6172 / 2152,2171 / 6171,2302 / 6172 / 2152,none,×
6409,2024-02-21,2361,6502 / 2102 / 2702 / 6542 / 2172,6502 / 2102,2702 / 6542 / 2172,none,×
6410,2024-02-22,7519,2392 / 2195 / 2592 / 6191 / 2692,2392 / 2195,2592 / 6191 / 2692,none,×
6411,2024-02-23,5651,2309 / 2909 / 2399 / 2189 / 2149,2309 / 2909,2399 / 2189 / 2149,none,×
6412,2024-02-26,6864,2102 / 2501 / 2305 / 6301 / 2801,2102 / 2501,2305 / 6301 / 2801,none,×
6413,2024-02-27,5868,2382 / 2352 / 2302 / 2312 / 2592,2382 / 2352,2302 / 2312 / 2592,none,×
6414,2024-02-28,0825,2394 / 2352 / 2302 / 2372 / 2391,2394 / 2352,2302 / 2372 / 2391,none,×
6415,2024-02-29,9550,6349 / 2349 / 2389 / 6371 / 6359,6349 / 2349,2389 / 6371 / 6359,none,×
6416,2024-03-01,3560,2101 / 6302 / 6301 / 2502 / 2901,2101 / 6302,6301 / 2502 / 2901,none,×
6417,2024-03-04,4511,2392 / 2992 / 2591 / 8191 / 2102,2392 / 2992,2591 / 8191 / 2102,none,×
6418,2024-03-05,9892,2302 / 2191 / 2301 / 2392 / 2132,2302 / 2191,2301 / 2392 / 2132,none,×
6419,2024-03-06,9482,6372 / 2352 / 6342 / 6322 / 4302,6372 / 2352,6342 / 6322 / 4302,none,×
6420,2024-03-07,6822,6542 / 2842 / 2302 / 2592 / 6802,6542 / 2842,2302 / 2592 / 6802,none,×
6421,2024-03-08,8763,2382 / 6382 / 6342 / 2572 / 2392,2382 / 6382,6342 / 2572 / 2392,none,×
6422,2024-03-11,7468,2392 / 2991 / 2982 / 2912 / 2952,2392 / 2991,2982 / 2912 / 2952,none,×
6423,2024-03-12,9146,2892 / 6592 / 2512 / 2502 / 2362,2892 / 6592,2512 / 2502 / 2362,none,×
6424,2024-03-13,0017,6502 / 2302 / 2342 / 6572 / 0502,6502 / 2302,2342 / 6572 / 0502,none,×
6425,2024-03-14,6599,6702 / 6302 / 2102 / 2592 / 6582,6702 / 6302,2102 / 2592 / 6582,none,×
6426,2024-03-15,3988,2302 / 2572 / 6102 / 2109 / 2379,2302 / 2572,6102 / 2109 / 2379,none,×
6427,2024-03-18,5004,2542 / 2792 / 2744 / 2342 / 2302,2542 / 2792,2744 / 2342 / 2302,none,×
6428,2024-03-19,5961,2192 / 2502 / 2572 / 2582 / 2532,2192 / 2502,2572 / 2582 / 2532,none,×
6429,2024-03-20,6496,2791 / 2762 / 2591 / 2712 / 2795,2791 / 2762,2591 / 2712 / 2795,none,×
6430,2024-03-21,3237,6502 / 2802 / 2372 / 6302 / 2552,6502 / 2802,2372 / 6302 / 2552,none,×
6431,2024-03-22,5485,2532 / 2582 / 2332 / 8502 / 2942,2532 / 2582,2332 / 8502 / 2942,none,×
6432,2024-03-25,0224,6509 / 2309 / 2542 / 2502 / 2589,6509 / 2309,2542 / 2502 / 2589,none,×
6433,2024-03-26,2814,6542 / 6372 / 2572 / 6942 / 6302,6542 / 6372,2572 / 6942 / 6302,none,×
6434,2024-03-27,4360,2382 / 2332 / 6392 / 2301 / 6332,2382 / 2332,6392 / 2301 / 6332,none,×
6435,2024-03-28,3918,2191 / 2391 / 2182 / 2892 / 2102,2191 / 2391,2182 / 2892 / 2102,none,×
6436,2024-03-29,8399,2502 / 2742 / 8702 / 2732 / 2002,2502 / 2742,8702 / 2732 / 2002,none,×
6437,2024-04-01,3489,2109 / 6109 / 6102 / 2572 / 2101,2109 / 6109,6102 / 2572 / 2101,none,×
6438,2024-04-02,4591,2509 / 2342 / 2302 / 8549 / 2809,2509 / 2342,2302 / 8549 / 2809,none,×
6439,2024-04-03,8640,2102 / 2172 / 2101 / 2902 / 2342,2102 / 2172,2101 / 2902 / 2342,none,×
6440,2024-04-04,6280,2392 / 2301 / 2372 / 6342 / 6341,2392 / 2301,2372 / 6342 / 6341,none,×
6441,2024-04-05,3364,2502 / 6502 / 2342 / 6942 / 2501,2502 / 6502,2342 / 6942 / 2501,none,×
6442,2024-04-08,2743,2392 / 2182 / 8392 / 2692 / 6192,2392 / 2182,8392 / 2692 / 6192,none,×
6443,2024-04-09,1002,2302 / 2502 / 2542 / 2972 / 2142,2302 / 2502,2542 / 2972 / 2142,none,×
6444,2024-04-10,4170,2392 / 2892 / 2502 / 6392 / 4592,2392 / 2892,2502 / 6392 / 4592,none,×
6445,2024-04-11,2518,2551 / 2302 / 2501 / 4552 / 2372,2551 / 2302,2501 / 4552 / 2372,none,×
6446,2024-04-12,8158,2502 / 2192 / 2382 / 2902 / 6302,2502 / 2192,2382 / 2902 / 6302,none,×
6447,2024-04-15,0597,2302 / 8502 / 6504 / 2500 / 2002,2302 / 8502,6504 / 2500 / 2002,none,×
6448,2024-04-16,5845,2302 / 2102 / 6372 / 2372 / 2902,2302 / 2102,6372 / 2372 / 2902,none,×
6449,2024-04-17,3563,2399 / 2379 / 2302 / 2389 / 6379,2399 / 2379,2302 / 2389 / 6379,none,×
6450,2024-04-18,3690,2192 / 8592 / 2591 / 8392 / 2394,2192 / 8592,2591 / 8392 / 2394,none,×
6451,2024-04-19,0207,2372 / 2342 / 8302 / 2542 / 8372,2372 / 2342,8302 / 2542 / 8372,none,×
6452,2024-04-22,1459,6992 / 2392 / 2992 / 6502 / 6582,6992 / 2392,2992 / 6502 / 6582,none,×
6453,2024-04-23,9319,6509 / 4509 / 2302 / 3509 / 6309,6509 / 4509,2302 / 3509 / 6309,none,×
6454,2024-04-24,7874,6199 / 6309 / 2599 / 2509 / 6192,6199 / 6309,2599 / 2509 / 6192,none,×
6455,2024-04-25,6118,2392 / 2351 / 2552 / 2372 / 2592,2392 / 2351,2552 / 2372 / 2592,none,×
6456,2024-04-26,7210,6592 / 2542 / 2392 / 6542 / 2594,6592 / 2542,2392 / 6542 / 2594,none,×
6457,2024-04-29,0040,2392 / 6502 / 2302 / 2582 / 2991,2392 / 6502,2302 / 2582 / 2991,none,×
6458,2024-04-30,3275,6501 / 2502 / 2542 / 6302 / 6101,6501 / 2502,2542 / 6302 / 6101,none,×
6459,2024-05-01,6135,2599 / 2959 / 2399 / 2309 / 2552,2599 / 2959,2399 / 2309 / 2552,none,×
6460,2024-05-02,7987,6539 / 6589 / 6339 / 6559 / 2599,6539 / 6589,6339 / 6559 / 2599,none,×
6461,2024-05-03,1323,2702 / 6542 / 6702 / 6744 / 2745,2702 / 6542,6702 / 6744 / 2745,none,×
6462,2024-05-06,9100,2172 / 2142 / 2342 / 2382 / 6142,2172 / 2142,2342 / 2382 / 6142,none,×
6463,2024-05-07,3360,6591 / 6391 / 2392 / 3592 / 6582,6591 / 6391,2392 / 3592 / 6582,none,×
6464,2024-05-08,1361,2392 / 2391 / 8191 / 2162 / 2112,2392 / 2391,8191 / 2162 / 2112,none,×
6465,2024-05-09,8593,2592 / 6191 / 6192 / 6592 / 2562,2592 / 6191,6192 / 6592 / 2562,none,×
6466,2024-05-10,6965,6502 / 6372 / 6301 / 2372 / 6306,6502 / 6372,6301 / 2372 / 6306,none,×
6467,2024-05-13,2064,2799 / 6769 / 6569 / 6099 / 2769,2799 / 6769,6569 / 6099 / 2769,none,×
6468,2024-05-14,7167,6592 / 6562 / 2192 / 2362 / 6591,6592 / 6562,2192 / 2362 / 6591,none,×
6469,2024-05-15,7965,6562 / 6392 / 6362 / 6595 / 2582,6562 / 6392,6362 / 6595 / 2582,none,×
6470,2024-05-16,6877,2799 / 6569 / 2769 / 2569 / 6561,2799 / 6569,2769 / 2569 / 6561,none,×
6471,2024-05-17,1380,2352 / 6392 / 6354 / 2392 / 2354,2352 / 6392,6354 / 2392 / 2354,none,×
6472,2024-05-20,8588,2542 / 6302 / 6141 / 6341 / 2141,2542 / 6302,6141 / 6341 / 2141,none,×
6473,2024-05-21,4677,6302 / 2542 / 6142 / 2302 / 6942,6302 / 2542,6142 / 2302 / 6942,none,×
6474,2024-05-22,8006,2552 / 2355 / 4352 / 2372 / 2152,2552 / 2355,4352 / 2372 / 2152,none,×
6475,2024-05-23,4656,6562 / 6502 / 6362 / 6572 / 2572,6562 / 6502,6362 / 6572 / 2572,none,×
6476,2024-05-24,5201,4302 / 2301 / 2802 / 6302 / 2304,4302 / 2301,2802 / 6302 / 2304,none,×
6477,2024-05-27,5737,6591 / 6392 / 6562 / 6391 / 2502,6591 / 6392,6562 / 6391 / 2502,none,×
6478,2024-05-28,3618,6902 / 6502 / 2982 / 2932 / 6582,6902 / 6502,2982 / 2932 / 6582,none,×
6479,2024-05-29,3644,2502 / 2592 / 2342 / 8382 / 2362,2502 / 2592,2342 / 8382 / 2362,none,×
6480,2024-05-30,5782,2502 / 8342 / 2372 / 8502 / 8382,2502 / 8342,2372 / 8502 / 8382,none,×
6481,2024-05-31,1469,2342 / 6542 / 6342 / 2502 / 6742,2342 / 6542,6342 / 2502 / 6742,none,×
6482,2024-06-03,9947,6599 / 2569 / 2562 / 3599 / 6399,6599 / 2569,2562 / 3599 / 6399,none,×
6483,2024-06-04,5930,6742 / 2702 / 2502 / 6544 / 6782,6742 / 2702,2502 / 6544 / 6782,none,×
6484,2024-06-05,9656,2582 / 6502 / 6701 / 2732 / 2781,2582 / 6502,6701 / 2732 / 2781,none,×
6485,2024-06-06,2384,2302 / 6301 / 6102 / 3502 / 6509,2302 / 6301,6102 / 3502 / 6509,none,×
6486,2024-06-07,9143,2342 / 2302 / 2102 / 6502 / 6302,2342 / 2302,2102 / 6502 / 6302,none,×
6487,2024-06-10,0348,2542 / 6501 / 6582 / 6544 / 6546,2542 / 6501,6582 / 6544 / 6546,none,×
6488,2024-06-11,9400,6502 / 6544 / 6302 / 6572 / 6642,6502 / 6544,6302 / 6572 / 6642,none,×
6489,2024-06-12,4011,6561 / 2591 / 6581 / 6501 / 3592,6561 / 2591,6581 / 6501 / 3592,none,×
6490,2024-06-13,1691,2582 / 2505 / 2591 / 2541 / 2102,2582 / 2505,2591 / 2541 / 2102,none,×
6491,2024-06-14,5505,2301 / 2502 / 6371 / 2371 / 2572,2301 / 2502,6371 / 2371 / 2572,none,×
6492,2024-06-17,5640,6599 / 6199 / 6569 / 2569 / 2309,6599 / 6199,6569 / 2569 / 2309,none,×
6493,2024-06-18,2045,2341 / 6301 / 2542 / 6342 / 2382,2341 / 6301,2542 / 6342 / 2382,none,×
6494,2024-06-19,2646,6549 / 2749 / 2541 / 2599 / 6349,6549 / 2749,2541 / 2599 / 6349,none,×
6495,2024-06-20,2322,2302 / 2341 / 2382 / 6542 / 2301,2302 / 2341,2382 / 6542 / 2301,none,×
6496,2024-06-21,6593,2342 / 2172 / 2372 / 2382 / 2682,2342 / 2172,2372 / 2382 / 2682,none,×
6497,2024-06-24,2049,6302 / 2102 / 2372 / 6342 / 2301,6302 / 2102,2372 / 6342 / 2301,none,×
6498,2024-06-25,8337,2342 / 2509 / 2742 / 2749 / 2582,2342 / 2509,2742 / 2749 / 2582,none,×
6499,2024-06-26,7556,2582 / 2382 / 2532 / 6302 / 2132,2582 / 2382,2532 / 6302 / 2132,none,×
6500,2024-06-27,2552,6302 / 2902 / 6102 / 2301 / 2309,6302 / 2902,6102 / 2301 / 2309,none,×
6501,2024-06-28,7285,2102 / 6302 / 6502 / 2542 / 2352,2102 / 6302,6502 / 2542 / 2352,none,×
6502,2024-07-01,6836,2949 / 6349 / 6949 / 2541 / 2941,2949 / 6349,6949 / 2541 / 2941,none,×
6503,2024-07-02,5240,2332 / 6302 / 6382 / 2352 / 6381,2332 / 6302,6382 / 2352 / 6381,none,×
6504,2024-07-03,4896,2342 / 2941 / 2502 / 2501 / 6342,2342 / 2941,2502 / 2501 / 6342,none,×
6505,2024-07-04,4365,2372 / 4342 / 2341 / 4302 / 2371,2372 / 4342,2341 / 4302 / 2371,none,×
6506,2024-07-05,6715,2199 / 2591 / 4599 / 4399 / 2392,2199 / 2591,4599 / 4399 / 2392,none,×
6507,2024-07-08,2208,2349 / 2309 / 6949 / 6349 / 6509,2349 / 2309,6949 / 6349 / 6509,none,×
6508,2024-07-09,9108,2992 / 2382 / 2302 / 2372 / 6392,2992 / 2382,2302 / 2372 / 6392,none,×
6509,2024-07-10,7132,2392 / 6502 / 2582 / 2302 / 6302,2392 / 6502,2582 / 2302 / 6302,none,×
6510,2024-07-11,5209,2302 / 2332 / 2382 / 2342 / 6342,2302 / 2332,2382 / 2342 / 6342,none,×
6511,2024-07-12,9345,2592 / 2502 / 2309 / 2992 / 2391,2592 / 2502,2309 / 2992 / 2391,none,×
6512,2024-07-15,8023,6349 / 6149 / 2509 / 6509 / 6649,6349 / 6149,2509 / 6509 / 6649,none,×
6513,2024-07-16,7487,6542 / 2372 / 2742 / 2582 / 6372,6542 / 2372,2742 / 2582 / 6372,none,×
6514,2024-07-17,2710,2342 / 6545 / 2544 / 6342 / 6505,2342 / 6545,2544 / 6342 / 6505,none,×
6515,2024-07-18,6232,2342 / 2901 / 2502 / 2941 / 2391,2342 / 2901,2502 / 2941 / 2391,none,×
6516,2024-07-19,4044,2332 / 2542 / 2382 / 6302 / 6382,2332 / 2542,2382 / 6302 / 6382,none,×
6517,2024-07-22,9282,2502 / 2302 / 4542 / 2545 / 2842,2502 / 2302,4542 / 2545 / 2842,none,×
6518,2024-07-23,2827,6542 / 6942 / 2502 / 6502 / 2142,6542 / 6942,2502 / 6502 / 2142,none,×
6519,2024-07-24,6533,2372 / 2344 / 6342 / 2375 / 6344,2372 / 2344,6342 / 2375 / 6344,none,×
6520,2024-07-25,2254,2332 / 2102 / 6332 / 2382 / 6102,2332 / 2102,6332 / 2382 / 6102,none,×
6521,2024-07-26,4387,2902 / 2505 / 2002 / 2102 / 2901,2902 / 2505,2002 / 2102 / 2901,none,×
6522,2024-07-29,0780,2342 / 2102 / 2544 / 2145 / 4142,2342 / 2102,2544 / 2145 / 4142,none,×
6523,2024-07-30,3787,2342 / 6341 / 2542 / 6541 / 2302,2342 / 6341,2542 / 6541 / 2302,none,×
6524,2024-07-31,1417,2542 / 2345 / 2142 / 2902 / 2745,2542 / 2345,2142 / 2902 / 2745,none,×
6525,2024-08-01,9118,2582 / 2545 / 2302 / 6502 / 6545,2582 / 2545,2302 / 6502 / 6545,none,×
6526,2024-08-02,0793,6502 / 2582 / 2342 / 2592 / 6532,6502 / 2582,2342 / 2592 / 6532,none,×
6527,2024-08-05,1951,2302 / 6342 / 6942 / 6702 / 2702,2302 / 6342,6942 / 6702 / 2702,none,×
6528,2024-08-06,7007,2701 / 2505 / 2302 / 2707 / 2742,2701 / 2505,2302 / 2707 / 2742,none,×
6529,2024-08-07,5624,2792 / 2302 / 2382 / 2532 / 2732,2792 / 2302,2382 / 2532 / 2732,none,×
6530,2024-08-08,8115,2302 / 2542 / 6382 / 6302 / 2345,2302 / 2542,6382 / 6302 / 2345,none,×
6531,2024-08-09,8424,6309 / 6549 / 2349 / 2599 / 6339,6309 / 6549,2349 / 2599 / 6339,none,×
6532,2024-08-12,9533,6542 / 2382 / 2572 / 6342 / 6545,6542 / 2382,2572 / 6342 / 6545,none,×
6533,2024-08-13,4167,2332 / 2502 / 6382 / 2102 / 2182,2332 / 2502,6382 / 2102 / 2182,none,×
6534,2024-08-14,1770,2562 / 2512 / 2362 / 2565 / 2564,2562 / 2512,2362 / 2565 / 2564,none,×
6535,2024-08-15,3966,2352 / 2552 / 2901 / 2752 / 2102,2352 / 2552,2901 / 2752 / 2102,none,×
6536,2024-08-16,1799,2782 / 2562 / 2392 / 2582 / 8762,2782 / 2562,2392 / 2582 / 8762,none,×
6537,2024-08-19,2057,2302 / 2702 / 2502 / 6909 / 2742,2302 / 2702,2502 / 6909 / 2742,none,×
6538,2024-08-20,0358,2302 / 2705 / 2504 / 2707 / 2105,2302 / 2705,2504 / 2707 / 2105,none,×
6539,2024-08-21,8412,6102 / 2302 / 6602 / 2602 / 6300,6102 / 2302,6602 / 2602 / 6300,none,×
6540,2024-08-22,4618,2582 / 2302 / 2532 / 2342 / 6532,2582 / 2302,2532 / 2342 / 6532,none,×
6541,2024-08-23,1604,2392 / 2502 / 2542 / 2592 / 2344,2392 / 2502,2542 / 2592 / 2344,none,×
6542,2024-08-26,7237,2382 / 2362 / 2372 / 2312 / 6302,2382 / 2362,2372 / 2312 / 6302,none,×
6543,2024-08-27,2390,2332 / 2582 / 2902 / 2342 / 6302,2332 / 2582,2902 / 2342 / 6302,none,×
6544,2024-08-28,6008,2102 / 2501 / 2342 / 2142 / 2702,2102 / 2501,2342 / 2142 / 2702,none,×
6545,2024-08-29,1491,2392 / 2702 / 2582 / 2302 / 2572,2392 / 2702,2582 / 2302 / 2572,none,×
6546,2024-08-30,9909,2302 / 2507 / 6502 / 2545 / 2552,2302 / 2507,6502 / 2545 / 2552,none,×
6547,2024-09-02,0205,2702 / 6792 / 2782 / 2592 / 2772,2702 / 6792,2782 / 2592 / 2772,none,×
6548,2024-09-03,9141,6599 / 6339 / 6509 / 2339 / 2392,6599 / 6339,6509 / 2339 / 2392,none,×
6549,2024-09-04,7828,2302 / 2545 / 6502 / 2501 / 2301,2302 / 2545,6502 / 2501 / 2301,none,×
6550,2024-09-05,1910,2302 / 2344 / 6382 / 2352 / 2502,2302 / 2344,6382 / 2352 / 2502,none,×
6551,2024-09-06,7889,2742 / 2782 / 2732 / 6702 / 2705,2742 / 2782,2732 / 6702 / 2705,none,×
6552,2024-09-09,5705,2302 / 6342 / 6349 / 6309 / 6341,2302 / 6342,6349 / 6309 / 6341,none,×
6553,2024-09-10,5740,2399 / 2309 / 2709 / 2339 / 2919,2399 / 2309,2709 / 2339 / 2919,none,×
6554,2024-09-11,4835,2742 / 2302 / 2941 / 2741 / 2142,2742 / 2302,2941 / 2741 / 2142,none,×
6555,2024-09-12,1130,2349 / 2331 / 2301 / 4309 / 2334,2349 / 2331,2301 / 4309 / 2334,none,×
6556,2024-09-13,7056,2302 / 2531 / 2331 / 2542 / 6502,2302 / 2531,2331 / 2542 / 6502,none,×
6557,2024-09-16,3232,2302 / 6502 / 2802 / 2701 / 2542,2302 / 6502,2802 / 2701 / 2542,none,×
6558,2024-09-17,4601,2532 / 2902 / 2382 / 2582 / 2132,2532 / 2902,2382 / 2582 / 2132,none,×
6559,2024-09-18,3848,2332 / 2592 / 2331 / 2382 / 4392,2332 / 2592,2331 / 2382 / 4392,none,×
6560,2024-09-19,2796,2382 / 2344 / 8302 / 2300 / 2702,2382 / 2344,8302 / 2300 / 2702,none,×
6561,2024-09-20,6411,2302 / 2102 / 2742 / 2342 / 6302,2302 / 2102,2742 / 2342 / 6302,none,×
6562,2024-09-23,2095,2501 / 2592 / 2545 / 6502 / 2535,2501 / 2592,2545 / 6502 / 2535,none,×
6563,2024-09-24,5794,2309 / 2702 / 2749 / 2501 / 6509,2309 / 2702,2749 / 2501 / 6509,none,×
6564,2024-09-25,3119,2302 / 2102 / 2742 / 2342 / 2542,2302 / 2102,2742 / 2342 / 2542,none,×
6565,2024-09-26,4488,2302 / 2599 / 2542 / 2399 / 2301,2302 / 2599,2542 / 2399 / 2301,none,×
6566,2024-09-27,5225,2342 / 2842 / 2544 / 2592 / 2742,2342 / 2842,2544 / 2592 / 2742,none,×
6567,2024-09-30,5211,2549 / 2909 / 2389 / 2989 / 6309,2549 / 2909,2389 / 2989 / 6309,none,×
6568,2024-10-01,0605,2502 / 2902 / 2392 / 2592 / 2992,2502 / 2902,2392 / 2592 / 2992,none,×
6569,2024-10-02,9563,6309 / 6599 / 2599 / 6391 / 6331,6309 / 6599,2599 / 6391 / 6331,none,×
6570,2024-10-03,9299,2192 / 6392 / 6192 / 6792 / 2312,2192 / 6392,6192 / 6792 / 2312,none,×
6571,2024-10-04,0784,2509 / 6309 / 6509 / 6502 / 2542,2509 / 6309,6509 / 6502 / 2542,none,×
6572,2024-10-07,5812,2702 / 6702 / 6942 / 2342 / 6502,2702 / 6702,6942 / 2342 / 6502,none,×
6573,2024-10-08,8903,2382 / 6302 / 2702 / 6392 / 6382,2382 / 6302,2702 / 6392 / 6382,none,×
6574,2024-10-09,1319,6792 / 6702 / 2782 / 6791 / 2795,6792 / 6702,2782 / 6791 / 2795,none,×
6575,2024-10-10,0946,2109 / 2309 / 2199 / 2702 / 6509,2109 / 2309,2199 / 2702 / 6509,none,×
6576,2024-10-11,5126,6742 / 2792 / 6782 / 2782 / 6542,6742 / 2792,6782 / 2782 / 6542,none,×
6577,2024-10-14,3661,2542 / 2342 / 2702 / 2782 / 6302,2542 / 2342,2702 / 2782 / 6302,none,×
6578,2024-10-15,5667,2391 / 2192 / 2312 / 2191 / 8395,2391 / 2192,2312 / 2191 / 8395,none,×
6579,2024-10-16,8407,2395 / 2312 / 2394 / 2595 / 2512,2395 / 2312,2394 / 2595 / 2512,none,×
6580,2024-10-17,2004,2595 / 6502 / 6595 / 2532 / 6532,2595 / 6502,6595 / 2532 / 6532,none,×
6581,2024-10-18,8921,2732 / 2782 / 2192 / 6702 / 2705,2732 / 2782,2192 / 6702 / 2705,none,×
6582,2024-10-21,9546,2705 / 6701 / 6702 / 2781 / 2775,2705 / 6701,6702 / 2781 / 2775,none,×
6583,2024-10-22,7178,2302 / 6102 / 2742 / 6302 / 4702,2302 / 6102,2742 / 6302 / 4702,none,×
6584,2024-10-23,5665,2702 / 6502 / 2752 / 2504 / 2512,2702 / 6502,2752 / 2504 / 2512,none,×
6585,2024-10-24,4428,2599 / 2799 / 2319 / 2369 / 2395,2599 / 2799,2319 / 2369 / 2395,none,×
6586,2024-10-25,7675,2582 / 2342 / 2382 / 4502 / 2002,2582 / 2342,2382 / 4502 / 2002,none,×
6587,2024-10-28,2405,2109 / 6309 / 2709 / 2399 / 6509,2109 / 6309,2709 / 2399 / 6509,none,×
6588,2024-10-29,1995,2399 / 2539 / 2501 / 6509 / 2589,2399 / 2539,2501 / 6509 / 2589,none,×
6589,2024-10-30,1133,6709 / 7709 / 4709 / 2779 / 0709,6709 / 7709,4709 / 2779 / 0709,none,×
6590,2024-10-31,4059,2501 / 2505 / 2301 / 2582 / 2382,2501 / 2505,2301 / 2582 / 2382,none,×
6591,2024-11-01,5709,2701 / 2109 / 4709 / 2102 / 4509,2701 / 2109,4709 / 2102 / 4509,none,×
6592,2024-11-04,4412,2799 / 2709 / 2991 / 2939 / 2599,2799 / 2709,2991 / 2939 / 2599,none,×
6593,2024-11-05,2667,2592 / 2102 / 2582 / 2542 / 2892,2592 / 2102,2582 / 2542 / 2892,none,×
6594,2024-11-06,7143,2395 / 2394 / 2595 / 2362 / 2382,2395 / 2394,2595 / 2362 / 2382,none,×
6595,2024-11-07,0313,2702 / 2505 / 2342 / 2592 / 2582,2702 / 2505,2342 / 2592 / 2582,none,×
6596,2024-11-08,8888,6102 / 2302 / 6502 / 6106 / 2191,6102 / 2302,6502 / 6106 / 2191,none,×
6597,2024-11-11,3369,6302 / 6342 / 2304 / 2392 / 2300,6302 / 6342,2304 / 2392 / 2300,none,×
6598,2024-11-12,0206,2599 / 2191 / 8199 / 2699 / 8599,2599 / 2191,8199 / 2699 / 8599,none,×
6599,2024-11-13,3005,6992 / 2592 / 6392 / 2502 / 6391,6992 / 2592,6392 / 2502 / 6391,none,×
6600,2024-11-14,3952,2199 / 8799 / 8709 / 2109 / 2789,2199 / 8799,8709 / 2109 / 2789,none,×
6601,2024-11-15,3631,2502 / 2402 / 2701 / 2902 / 7702,2502 / 2402,2701 / 2902 / 7702,none,×
6602,2024-11-18,5730,2301 / 2105 / 2102 / 2335 / 2332,2301 / 2105,2102 / 2335 / 2332,none,×
6603,2024-11-19,1088,2702 / 2931 / 2905 / 6901 / 2731,2702 / 2931,2905 / 6901 / 2731,none,×
6604,2024-11-20,7649,2502 / 4702 / 7702 / 2712 / 2802,2502 / 4702,7702 / 2712 / 2802,none,×
6605,2024-11-21,3340,2109 / 2709 / 2102 / 6309 / 2609,2109 / 2709,2102 / 6309 / 2609,none,×
6606,2024-11-22,2532,2141 / 2302 / 2501 / 2602 / 2542,2141 / 2302,2501 / 2602 / 2542,none,×
6607,2024-11-25,7220,2702 / 2132 / 2332 / 2932 / 2382,2702 / 2132,2332 / 2932 / 2382,box,〇
6608,2024-11-26,5653,2502 / 2342 / 2301 / 2501 / 2572,2502 / 2342,2301 / 2501 / 2572,none,×
6609,2024-11-27,8963,2502 / 2101 / 2306 / 2309 / 2701,2502 / 2101,2306 / 2309 / 2701,none,×
6610,2024-11-28,4640,2762 / 6792 / 2592 / 8792 / 2782,2762 / 6792,2592 / 8792 / 2782,none,×
6611,2024-11-29,3212,2342 / 2102 / 2101 / 2702 / 4341,2342 / 2102,2101 / 2702 / 4341,none,×
6612,2024-12-02,3920,2502 / 2992 / 2942 / 2392 / 2932,2502 / 2992,2942 / 2392 / 2932,none,×
6613,2024-12-03,1978,2701 / 2782 / 2771 / 2781 / 8772,2701 / 2782,2771 / 2781 / 8772,none,×
6614,2024-12-04,0000,7702 / 6702 / 2502 / 2700 / 4752,7702 / 6702,2502 / 2700 / 4752,none,×
6615,2024-12-05,8253,6702 / 6792 / 2791 / 6791 / 6302,6702 / 6792,2791 / 6791 / 6302,none,×
6616,2024-12-06,8939,2502 / 8902 / 2602 / 2301 / 8901,2502 / 8902,2602 / 2301 / 8901,none,×
6617,2024-12-09,2617,6709 / 8709 / 2701 / 8702 / 6701,6709 / 8709,2701 / 8702 / 6701,none,×
6618,2024-12-10,4259,2502 / 2505 / 2702 / 2342 / 2306,2502 / 2505,2702 / 2342 / 2306,none,×
6619,2024-12-11,6217,4909 / 2302 / 2901 / 2609 / 2301,4909 / 2302,2901 / 2609 / 2301,none,×
6620,2024-12-12,9105,2302 / 6902 / 2908 / 2904 / 2932,2302 / 6902,2908 / 2904 / 2932,none,×
6621,2024-12-13,6199,2309 / 6309 / 6599 / 3309 / 3599,2309 / 6309,6599 / 3309 / 3599,none,×
6622,2024-12-16,3424,2502 / 2709 / 6309 / 2109 / 2349,2502 / 2709,6309 / 2109 / 2349,none,×
6623,2024-12-17,0596,2572 / 8502 / 2342 / 2802 / 2142,2572 / 8502,2342 / 2802 / 2142,none,×
6624,2024-12-18,3498,6902 / 6502 / 6702 / 2502 / 2109,6902 / 6502,6702 / 2502 / 2109,none,×
6625,2024-12-19,5214,2302 / 2542 / 2500 / 2504 / 2702,2302 / 2542,2500 / 2504 / 2702,none,×
6626,2024-12-20,0580,2302 / 2992 / 2905 / 2602 / 2982,2302 / 2992,2905 / 2602 / 2982,none,×
6627,2024-12-23,5892,6141 / 6142 / 2101 / 2902 / 2702,6141 / 6142,2101 / 2902 / 2702,none,×
6628,2024-12-24,5231,3302 / 2902 / 2502 / 2702 / 2392,3302 / 2902,2502 / 2702 / 2392,none,×
6629,2024-12-25,0474,2932 / 2502 / 2935 / 2535 / 2982,2932 / 2502,2935 / 2535 / 2982,none,×
6630,2024-12-26,4119,6552 / 6501 / 2302 / 2592 / 2532,6552 / 6501,2302 / 2592 / 2532,none,×
6631,2024-12-27,4386,2309 / 2709 / 2302 / 2592 / 2109,2309 / 2709,2302 / 2592 / 2109,none,×
6632,2024-12-30,9983,2502 / 4142 / 2642 / 2342 / 2702,2502 / 4142,2642 / 2342 / 2702,none,×
6633,2025-01-06,0685,6702 / 4702 / 3742 / 2741 / 2712,6702 / 4702,3742 / 2741 / 2712,none,×
6634,2025-01-07,3754,2309 / 6109 / 6149 / 6549 / 2319,2309 / 6109,6149 / 6549 / 2319,none,×
6635,2025-01-08,1786,2602 / 2102 / 2901 / 2905 / 8102,2602 / 2102,2901 / 2905 / 8102,none,×
6636,2025-01-09,5802,2702 / 2742 / 3942 / 2602 / 2992,2702 / 2742,3942 / 2602 / 2992,none,×
6637,2025-01-10,1599,2382 / 2312 / 6392 / 6302 / 2902,2382 / 2312,6392 / 6302 / 2902,none,×
6638,2025-01-13,8583,2509 / 2102 / 2502 / 3109 / 3509,2509 / 2102,2502 / 3109 / 3509,none,×
6639,2025-01-14,0135,2142 / 2302 / 2702 / 2342 / 6902,2142 / 2302,2702 / 2342 / 6902,none,×
6640,2025-01-15,1366,6539 / 6589 / 2309 / 2589 / 2559,6539 / 6589,2309 / 2589 / 2559,none,×
6641,2025-01-16,2324,2692 / 2162 / 3192 / 4192 / 6592,2692 / 2162,3192 / 4192 / 6592,none,×
6642,2025-01-17,9774,2102 / 2572 / 2142 / 2382 / 6182,2102 / 2572,2142 / 2382 / 6182,none,×
6643,2025-01-20,4409,2952 / 2702 / 4902 / 2302 / 2992,2952 / 2702,4902 / 2302 / 2992,none,×
6644,2025-01-21,8259,2592 / 4509 / 2399 / 2539 / 2579,2592 / 4509,2399 / 2539 / 2579,none,×
6645,2025-01-22,6385,6909 / 2902 / 6509 / 8509 / 2109,6909 / 2902,6509 / 8509 / 2109,none,×
6646,2025-01-23,5420,2309 / 2549 / 6109 / 2349 / 6549,2309 / 2549,6109 / 2349 / 6549,none,×
6647,2025-01-24,2315,2572 / 2581 / 2302 / 2501 / 2585,2572 / 2581,2302 / 2501 / 2585,none,×
6648,2025-01-27,7240,2309 / 2189 / 6509 / 6309 / 5509,2309 / 2189,6509 / 6309 / 5509,none,×
6649,2025-01-28,0893,2502 / 2542 / 2901 / 2982 / 2972,2502 / 2542,2901 / 2982 / 2972,none,×
6650,2025-01-29,9590,6306 / 2309 / 6304 / 2301 / 6332,6306 / 2309,6304 / 2301 / 6332,none,×
6651,2025-01-30,5400,2502 / 2902 / 2702 / 2101 / 6702,2502 / 2902,2702 / 2101 / 6702,none,×
6652,2025-01-31,1596,2392 / 2582 / 2595 / 2501 / 2892,2392 / 2582,2595 / 2501 / 2892,none,×
6653,2025-02-03,0235,2502 / 3302 / 6302 / 4302 / 2372,2502 / 3302,6302 / 4302 / 2372,none,×
6654,2025-02-04,4827,2909 / 2309 / 2339 / 6939 / 6589,2909 / 2309,2339 / 6939 / 6589,none,×
6655,2025-02-05,2317,2302 / 2385 / 2305 / 2344 / 4302,2302 / 2385,2305 / 2344 / 4302,none,×
6656,2025-02-06,0853,2505 / 2602 / 2305 / 2582 / 2382,2505 / 2602,2305 / 2582 / 2382,none,×
6657,2025-02-07,3881,6306 / 2301 / 2306 / 2309 / 6303,6306 / 2301,2306 / 2309 / 6303,none,×
6658,2025-02-10,0859,2342 / 8305 / 2341 / 2382 / 2332,2342 / 8305,2341 / 2382 / 2332,none,×
6659,2025-02-11,8942,2302 / 6301 / 6509 / 2301 / 6305,2302 / 6301,6509 / 2301 / 6305,none,×
6660,2025-02-12,3343,6702 / 2782 / 2542 / 8702 / 6542,6702 / 2782,2542 / 8702 / 6542,none,×
6661,2025-02-13,1946,2342 / 2102 / 2592 / 2642 / 2101,2342 / 2102,2592 / 2642 / 2101,none,×
6662,2025-02-14,3273,2542 / 2782 / 2792 / 3742 / 7702,2542 / 2782,2792 / 3742 / 7702,none,×
6663,2025-02-17,6744,2352 / 2552 / 8302 / 2392 / 2309,2352 / 2552,8302 / 2392 / 2309,none,×
6664,2025-02-18,0385,2342 / 6942 / 2702 / 6902 / 2945,2342 / 6942,2702 / 6902 / 2945,none,×
6665,2025-02-19,9265,6309 / 2349 / 2549 / 2149 / 2649,6309 / 2349,2549 / 2149 / 2649,none,×
6666,2025-02-20,1890,2599 / 3399 / 6599 / 4399 / 6369,2599 / 3399,6599 / 4399 / 6369,none,×
6667,2025-02-21,6398,2342 / 2372 / 2305 / 0302 / 6301,2342 / 2372,2305 / 0302 / 6301,none,×
6668,2025-02-24,3026,2102 / 2342 / 6102 / 2602 / 2332,2102 / 2342,6102 / 2602 / 2332,none,×
6669,2025-02-25,9378,2382 / 2582 / 2372 / 2572 / 8582,2382 / 2582,2372 / 2572 / 8582,none,×
6670,2025-02-26,0664,6552 / 2552 / 2502 / 3352 / 0552,6552 / 2552,2502 / 3352 / 0552,none,×
6671,2025-02-27,3839,6362 / 6395 / 2592 / 6391 / 2391,6362 / 6395,2592 / 6391 / 2391,none,×
6672,2025-02-28,4968,2389 / 2332 / 8339 / 8389 / 8302,2389 / 2332,8339 / 8389 / 8302,none,×
6673,2025-03-03,1170,2592 / 2762 / 2782 / 2790 / 2594,2592 / 2762,2782 / 2790 / 2594,none,×
6674,2025-03-04,6318,2552 / 3302 / 2392 / 6352 / 2355,2552 / 3302,2392 / 6352 / 2355,none,×
6675,2025-03-05,8194,2392 / 2582 / 2592 / 2342 / 2304,2392 / 2582,2592 / 2342 / 2304,none,×
6676,2025-03-06,1781,2502 / 8302 / 2342 / 6342 / 2305,2502 / 8302,2342 / 6342 / 2305,none,×
6677,2025-03-07,0948,2945 / 2905 / 2302 / 3342 / 6342,2945 / 2905,2302 / 3342 / 6342,none,×
6678,2025-03-10,8256,6744 / 6772 / 6542 / 6792 / 2782,6744 / 6772,6542 / 6792 / 2782,none,×
6679,2025-03-11,8261,2902 / 6502 / 8302 / 8502 / 2301,2902 / 6502,8302 / 8502 / 2301,none,×
6680,2025-03-12,9200,2992 / 6395 / 2995 / 6391 / 6592,2992 / 6395,2995 / 6391 / 6592,none,×
6681,2025-03-13,0384,6992 / 2992 / 6991 / 0392 / 6591,6992 / 2992,6991 / 0392 / 6591,none,×
6682,2025-03-14,2853,6142 / 2542 / 2142 / 6642 / 6541,6142 / 2542,2142 / 6642 / 6541,none,×
6683,2025-03-17,7006,2306 / 6306 / 2309 / 6301 / 2352,2306 / 6306,2309 / 6301 / 2352,none,×
6684,2025-03-18,9843,2592 / 6792 / 2382 / 2302 / 2502,2592 / 6792,2382 / 2302 / 2502,none,×
6685,2025-03-19,1087,6346 / 6306 / 2302 / 6302 / 2341,6346 / 6306,2302 / 6302 / 2341,none,×
6686,2025-03-20,8555,2344 / 2544 / 2302 / 2345 / 6544,2344 / 2544,2302 / 2345 / 6544,none,×
6687,2025-03-21,1431,8309 / 2509 / 2109 / 6909 / 2300,8309 / 2509,2109 / 6909 / 2300,none,×
6688,2025-03-24,0488,2582 / 6505 / 6585 / 2581 / 2545,2582 / 6505,6585 / 2581 / 2545,none,×
6689,2025-03-25,2191,2542 / 6344 / 2544 / 2502 / 2302,2542 / 6344,2544 / 2502 / 2302,none,×
6690,2025-03-26,8397,2505 / 6305 / 6505 / 6301 / 6501,2505 / 6305,6505 / 6301 / 6501,none,×
6691,2025-03-27,0745,6505 / 6305 / 6302 / 2304 / 6504,6505 / 6305,6302 / 2304 / 6504,none,×
6692,2025-03-28,6185,6909 / 2349 / 6309 / 6399 / 6979,6909 / 2349,6309 / 6399 / 6979,none,×
6693,2025-03-31,8221,2309 / 2399 / 2389 / 2509 / 2339,2309 / 2399,2389 / 2509 / 2339,none,×
6694,2025-04-01,3671,8385 / 2375 / 6345 / 2381 / 6341,8385 / 2375,6345 / 2381 / 6341,none,×
6695,2025-04-02,1695,2351 / 8351 / 2301 / 2395 / 8391,2351 / 8351,2301 / 2395 / 8391,none,×
6696,2025-04-03,7892,0309 / 2379 / 2399 / 4309 / 6399,0309 / 2379,2399 / 4309 / 6399,none,×
6697,2025-04-04,9721,6302 / 2382 / 6342 / 2352 / 2312,6302 / 2382,6342 / 2352 / 2312,none,×
6698,2025-04-07,2078,6381 / 6345 / 0385 / 6975 / 6945,6381 / 6345,0385 / 6975 / 6945,none,×
6699,2025-04-08,4417,2392 / 2792 / 2552 / 2502 / 6702,2392 / 2792,2552 / 2502 / 6702,none,×
6700,2025-04-09,4013,2592 / 2392 / 2582 / 2502 / 2302,2592 / 2392,2582 / 2502 / 2302,none,×
6701,2025-04-10,7856,2391 / 2382 / 2782 / 2396 / 2701,2391 / 2382,2782 / 2396 / 2701,none,×
6702,2025-04-11,7011,2301 / 0302 / 2303 / 2342 / 6309,2301 / 0302,2303 / 2342 / 6309,none,×
6703,2025-04-14,1820,2595 / 2385 / 2392 / 2381 / 2382,2595 / 2385,2392 / 2381 / 2382,none,×
6704,2025-04-15,2166,2382 / 2341 / 6371 / 6372 / 7371,2382 / 2341,6371 / 6372 / 7371,none,×
6705,2025-04-16,7555,2391 / 2591 / 6391 / 2792 / 2381,2391 / 2591,6391 / 2792 / 2381,none,×
6706,2025-04-17,8842,2109 / 2709 / 2305 / 2909 / 2701,2109 / 2709,2305 / 2909 / 2701,none,×
6707,2025-04-18,4811,2382 / 8342 / 2372 / 6392 / 8372,2382 / 8342,2372 / 6392 / 8372,none,×
6708,2025-04-21,7834,2385 / 2301 / 2392 / 2345 / 4381,2385 / 2301,2392 / 2345 / 4381,none,×
6709,2025-04-22,6697,2332 / 2342 / 2385 / 2301 / 2341,2332 / 2342,2385 / 2301 / 2341,none,×
6710,2025-04-23,7059,6305 / 2375 / 2304 / 2306 / 2392,6305 / 2375,2304 / 2306 / 2392,none,×
6711,2025-04-24,9686,2302 / 2809 / 6309 / 2502 / 6702,2302 / 2809,6309 / 2502 / 6702,none,×
6712,2025-04-25,4071,6341 / 0342 / 4342 / 2382 / 6842,6341 / 0342,4342 / 2382 / 6842,none,×
6713,2025-04-28,1670,2751 / 2855 / 2555 / 2352 / 2301,2751 / 2855,2555 / 2352 / 2301,none,×
6714,2025-04-29,3449,2301 / 2355 / 2392 / 2551 / 2552,2301 / 2355,2392 / 2551 / 2552,none,×
6715,2025-04-30,5323,2349 / 2599 / 2849 / 2842 / 8541,2349 / 2599,2849 / 2842 / 8541,none,×
6716,2025-05-01,8968,2171 / 2572 / 2341 / 2172 / 2181,2171 / 2572,2341 / 2172 / 2181,none,×
6717,2025-05-02,2948,2392 / 8792 / 6392 / 2790 / 6796,2392 / 8792,6392 / 2790 / 6796,none,×
6718,2025-05-05,8391,2342 / 6742 / 2702 / 2772 / 2392,2342 / 6742,2702 / 2772 / 2392,none,×
6719,2025-05-06,0081,2341 / 2101 / 6301 / 6305 / 6371,2341 / 2101,6301 / 6305 / 6371,none,×
6720,2025-05-07,1952,6741 / 2345 / 6541 / 6545 / 6141,6741 / 2345,6541 / 6545 / 6141,none,×
6721,2025-05-08,8156,6702 / 7702 / 2742 / 2802 / 2902,6702 / 7702,2742 / 2802 / 2902,none,×
6722,2025-05-09,1883,6302 / 8302 / 8301 / 6502 / 2802,6302 / 8302,8301 / 6502 / 2802,none,×
6723,2025-05-12,8892,2346 / 6346 / 2344 / 6342 / 2392,2346 / 6346,2344 / 6342 / 2392,none,×
6724,2025-05-13,9565,2372 / 2392 / 8302 / 2352 / 2341,2372 / 2392,8302 / 2352 / 2341,none,×
6725,2025-05-14,1898,2391 / 6191 / 2191 / 6199 / 2392,2391 / 6191,2191 / 6199 / 2392,none,×
6726,2025-05-15,4368,2372 / 2344 / 6302 / 6342 / 2300,2372 / 2344,6302 / 6342 / 2300,none,×
6727,2025-05-16,4116,2192 / 2692 / 2394 / 2792 / 2396,2192 / 2692,2394 / 2792 / 2396,none,×
6728,2025-05-19,9601,2592 / 2382 / 4392 / 4391 / 2892,2592 / 2382,4392 / 4391 / 2892,none,×
6729,2025-05-20,6418,2392 / 2395 / 6395 / 6392 / 2892,2392 / 2395,6395 / 6392 / 2892,none,×
6730,2025-05-21,2762,2502 / 2542 / 2582 / 2382 / 6302,2502 / 2542,2582 / 2382 / 6302,none,×
6731,2025-05-22,9899,2792 / 6392 / 2592 / 2692 / 4992,2792 / 6392,2592 / 2692 / 4992,none,×
6732,2025-05-23,2718,2309 / 6302 / 2301 / 2349 / 2379,2309 / 6302,2301 / 2349 / 2379,none,×
6733,2025-05-26,9115,2902 / 2792 / 2982 / 2382 / 2991,2902 / 2792,2982 / 2382 / 2991,none,×
6734,2025-05-27,3697,6399 / 2301 / 2349 / 2599 / 2392,6399 / 2301,2349 / 2599 / 2392,none,×
6735,2025-05-28,7357,2305 / 2392 / 2375 / 8305 / 2308,2305 / 2392,2375 / 8305 / 2308,none,×
6736,2025-05-29,6779,2305 / 2502 / 2505 / 2301 / 2304,2305 / 2502,2505 / 2301 / 2304,none,×
6737,2025-05-30,7141,2352 / 2351 / 2752 / 2991 / 2999,2352 / 2351,2752 / 2991 / 2999,none,×
6738,2025-06-02,2839,6341 / 2541 / 2545 / 6345 / 2381,6341 / 2541,2545 / 6345 / 2381,none,×
6739,2025-06-03,2370,2331 / 2309 / 2342 / 2389 / 2399,2331 / 2309,2342 / 2389 / 2399,none,×
6740,2025-06-04,5944,2352 / 2551 / 2391 / 2392 / 2852,2352 / 2551,2391 / 2392 / 2852,none,×
6741,2025-06-05,9318,2792 / 2702 / 2791 / 2782 / 7742,2792 / 2702,2791 / 2782 / 7742,none,×
6742,2025-06-06,6563,6392 / 2592 / 2342 / 2382 / 6102,6392 / 2592,2342 / 2382 / 6102,none,×
6743,2025-06-09,5084,2191 / 2396 / 6191 / 2591 / 2394,2191 / 2396,6191 / 2591 / 2394,none,×
6744,2025-06-10,3142,2341 / 2542 / 2392 / 2142 / 2345,2341 / 2542,2392 / 2142 / 2345,box,〇
6745,2025-06-11,3176,2542 / 2372 / 2382 / 2341 / 6342,2542 / 2372,2382 / 2341 / 6342,none,×
6746,2025-06-12,7666,2351 / 2551 / 2391 / 2592 / 2752,2351 / 2551,2391 / 2592 / 2752,none,×
6747,2025-06-13,2482,6392 / 2192 / 2362 / 2191 / 2398,6392 / 2192,2362 / 2191 / 2398,none,×
6748,2025-06-16,6326,2842 / 2592 / 2302 / 6542 / 2512,2842 / 2592,2302 / 6542 / 2512,none,×
6749,2025-06-17,0975,2171 / 2342 / 2182 / 2382 / 6171,2171 / 2342,2182 / 2382 / 6171,none,×
6750,2025-06-18,7592,2751 / 2709 / 6799 / 6701 / 6791,2751 / 2709,6799 / 6701 / 6791,none,×
6751,2025-06-19,5354,2102 / 2142 / 2502 / 2572 / 2742,2102 / 2142,2502 / 2572 / 2742,none,×
6752,2025-06-20,7102,2502 / 2802 / 2602 / 6102 / 2002,2502 / 2802,2602 / 6102 / 2002,none,×
6753,2025-06-23,4804,6392 / 2372 / 2792 / 2892 / 2332,6392 / 2372,2792 / 2892 / 2332,none,×
6754,2025-06-24,1351,4392 / 2372 / 2395 / 4391 / 2381,4392 / 2372,2395 / 4391 / 2381,none,×
6755,2025-06-25,8174,2301 / 2502 / 2105 / 7101 / 8101,2301 / 2502,2105 / 7101 / 8101,none,×
6756,2025-06-26,8622,2552 / 2351 / 8352 / 6552 / 2391,2552 / 2351,8352 / 6552 / 2391,none,×
6757,2025-06-27,2940,6372 / 2872 / 2172 / 2572 / 2392,6372 / 2872,2172 / 2572 / 2392,none,×
6758,2025-06-30,6757,2342 / 2772 / 2771 / 2542 / 6742,2342 / 2772,2771 / 2542 / 6742,none,×
6759,2025-07-01,5261,2102 / 2305 / 2602 / 6902 / 2105,2102 / 2305,2602 / 6902 / 2105,none,×
6760,2025-07-02,3099,2991 / 2592 / 2591 / 7391 / 2361,2991 / 2592,2591 / 7391 / 2361,none,×
6761,2025-07-03,1479,2372 / 2502 / 2309 / 2802 / 2172,2372 / 2502,2309 / 2802 / 2172,none,×
6762,2025-07-04,2452,2559 / 2852 / 2351 / 2392 / 2859,2559 / 2852,2351 / 2392 / 2859,none,×
6763,2025-07-07,9181,2802 / 2102 / 2002 / 2342 / 2402,2802 / 2102,2002 / 2342 / 2402,none,×
6764,2025-07-08,2982,6341 / 2541 / 2345 / 4341 / 4342,6341 / 2541,2345 / 4341 / 4342,none,×
6765,2025-07-09,5358,2702 / 6742 / 2782 / 2741 / 2942,2702 / 6742,2782 / 2741 / 2942,none,×
6766,2025-07-10,4790,2502 / 6102 / 2152 / 2142 / 7302,2502 / 6102,2152 / 2142 / 7302,none,×
6767,2025-07-11,0172,2372 / 2971 / 2901 / 2371 / 2771,2372 / 2971,2901 / 2371 / 2771,none,×
6768,2025-07-14,5295,2392 / 2302 / 6392 / 6302 / 2351,2392 / 2302,6392 / 6302 / 2351,none,×
6769,2025-07-15,5552,2309 / 2301 / 2349 / 2979 / 2391,2309 / 2301,2349 / 2979 / 2391,none,×
6770,2025-07-16,2037,2502 / 6302 / 2352 / 7302 / 2602,2502 / 6302,2352 / 7302 / 2602,box,〇
6771,2025-07-17,2337,2702 / 2352 / 2732 / 2182 / 2132,2702 / 2352,2732 / 2182 / 2132,none,×
6772,2025-07-18,2460,2132 / 2302 / 2332 / 2142 / 2392,2132 / 2302,2332 / 2142 / 2392,none,×
6773,2025-07-21,7780,2391 / 2192 / 2362 / 6392 / 2692,2391 / 2192,2362 / 6392 / 2692,none,×
6774,2025-07-22,8714,2142 / 2392 / 2992 / 2302 / 2102,2142 / 2392,2992 / 2302 / 2102,none,×
6775,2025-07-23,5493,2792 / 2302 / 2382 / 2942 / 2692,2792 / 2302,2382 / 2942 / 2692,none,×
6776,2025-07-24,7924,2572 / 2342 / 2552 / 2392 / 2102,2572 / 2342,2552 / 2392 / 2102,none,×
6777,2025-07-25,5454,2742 / 2771 / 6772 / 2702 / 2542,2742 / 2771,6772 / 2702 / 2542,none,×
6778,2025-07-28,6710,2802 / 2552 / 2002 / 2342 / 2402,2802 / 2552,2002 / 2342 / 2402,none,×
6779,2025-07-29,1592,2792 / 2302 / 2991 / 2942 / 2782,2792 / 2302,2991 / 2942 / 2782,none,×
6780,2025-07-30,3175,2352 / 2342 / 2152 / 2142 / 2752,2352 / 2342,2152 / 2142 / 2752,none,×
6781,2025-07-31,0536,2559 / 2552 / 2392 / 2309 / 8359,2559 / 2552,2392 / 2309 / 8359,none,×
6782,2025-08-01,3497,2182 / 6332 / 2352 / 2152 / 2142,2182 / 6332,2352 / 2152 / 2142,none,×
6783,2025-08-04,3080,2502 / 2352 / 2542 / 2342 / 2582,2502 / 2352,2542 / 2342 / 2582,none,×
6784,2025-08-05,1027,2542 / 2792 / 2302 / 2592 / 2741,2542 / 2792,2302 / 2592 / 2741,none,×
6785,2025-08-06,4876,2572 / 2382 / 2742 / 2872 / 2142,2572 / 2382,2742 / 2872 / 2142,none,×
6786,2025-08-07,5835,2302 / 2351 / 2312 / 2332 / 2301,2302 / 2351,2312 / 2332 / 2301,none,×
6787,2025-08-08,1365,2332 / 2302 / 2359 / 2352 / 2372,2332 / 2302,2359 / 2352 / 2372,none,×
6788,2025-08-11,6014,2192 / 2599 / 2592 / 6199 / 2692,2192 / 2599,2592 / 6199 / 2692,none,×
6789,2025-08-12,2458,2592 / 2382 / 2702 / 2892 / 2102,2592 / 2382,2702 / 2892 / 2102,none,×
6790,2025-08-13,5541,2102 / 6302 / 2552 / 6502 / 2402,2102 / 6302,2552 / 6502 / 2402,none,×
6791,2025-08-14,6362,2142 / 2172 / 2382 / 2542 / 2191,2142 / 2172,2382 / 2542 / 2191,none,×
6792,2025-08-15,5140,2592 / 6392 / 2162 / 2362 / 2112,2592 / 6392,2162 / 2362 / 2112,none,×
6793,2025-08-18,9959,2372 / 2382 / 2592 / 6342 / 2371,2372 / 2382,2592 / 6342 / 2371,none,×
6794,2025-08-19,9288,6702 / 6302 / 6709 / 2752 / 2352,6702 / 6302,6709 / 2752 / 2352,none,×
6795,2025-08-20,8749,2942 / 2542 / 2382 / 2344 / 2592,2942 / 2542,2382 / 2344 / 2592,none,×
6796,2025-08-21,5806,2742 / 2142 / 2949 / 2372 / 6942,2742 / 2142,2949 / 2372 / 6942,none,×
6797,2025-08-22,9660,2372 / 2391 / 2362 / 2312 / 5392,2372 / 2391,2362 / 2312 / 5392,none,×
6798,2025-08-25,9463,2192 / 2362 / 3392 / 6391 / 0392,2192 / 2362,3392 / 6391 / 0392,none,×
6799,2025-08-26,1624,6392 / 2562 / 2892 / 2591 / 6192,6392 / 2562,2892 / 2591 / 6192,none,×
6800,2025-08-27,6694,2382 / 2572 / 2302 / 2352 / 2371,2382 / 2572,2302 / 2352 / 2371,none,×
6801,2025-08-28,0774,2342 / 2362 / 6372 / 6302 / 2772,2342 / 2362,6372 / 6302 / 2772,none,×
6802,2025-08-29,1929,2752 / 6752 / 2392 / 2992 / 2702,2752 / 6752,2392 / 2992 / 2702,none,×
6803,2025-09-01,0549,2372 / 2782 / 2572 / 6779 / 4772,2372 / 2782,2572 / 6779 / 4772,none,×
6804,2025-09-02,0538,2142 / 2392 / 2372 / 2302 / 2192,2142 / 2392,2372 / 2302 / 2192,none,×
6805,2025-09-03,4598,2382 / 6302 / 6382 / 2182 / 2732,2382 / 6302,6382 / 2182 / 2732,none,×
6806,2025-09-04,3376,2172 / 2342 / 2772 / 2352 / 2192,2172 / 2342,2772 / 2352 / 2192,none,×
6807,2025-09-05,1871,2552 / 2392 / 2592 / 2302 / 2132,2552 / 2392,2592 / 2302 / 2132,none,×
6808,2025-09-08,2841,2302 / 2351 / 6352 / 6392 / 6355,2302 / 2351,6352 / 6392 / 6355,none,×
6809,2025-09-09,5260,2392 / 2382 / 6342 / 2371 / 6341,2392 / 2382,6342 / 2371 / 6341,none,×
6810,2025-09-10,2679,2992 / 6392 / 2192 / 2492 / 2312,2992 / 6392,2192 / 2492 / 2312,none,×
6811,2025-09-11,7961,2392 / 2302 / 2309 / 2559 / 2159,2392 / 2302,2309 / 2559 / 2159,none,×
6812,2025-09-12,8991,2392 / 2795 / 2391 / 2591 / 2712,2392 / 2795,2391 / 2591 / 2712,none,×
6813,2025-09-15,6867,2372 / 6772 / 2742 / 6771 / 2502,2372 / 6772,2742 / 6771 / 2502,none,×
6814,2025-09-16,1314,2362 / 2391 / 2399 / 6394 / 2592,2362 / 2391,2399 / 6394 / 2592,none,×
6815,2025-09-17,7604,2592 / 2342 / 2142 / 2382 / 6392,2592 / 2342,2142 / 2382 / 6392,none,×
6816,2025-09-18,6152,2592 / 2391 / 2362 / 2382 / 6372,2592 / 2391,2362 / 2382 / 6372,none,×
6817,2025-09-19,8721,6302 / 2702 / 2352 / 2552 / 2372,6302 / 2702,2352 / 2552 / 2372,none,×
6818,2025-09-22,5808,2772 / 2942 / 6972 / 2172 / 2982,2772 / 2942,6972 / 2172 / 2982,none,×
6819,2025-09-23,4787,2372 / 2362 / 2382 / 2390 / 2391,2372 / 2362,2382 / 2390 / 2391,none,×
6820,2025-09-24,2477,2944 / 2902 / 2744 / 2142 / 2945,2944 / 2902,2744 / 2142 / 2945,none,×
6821,2025-09-25,7728,2554 / 6552 / 2572 / 2302 / 2556,2554 / 6552,2572 / 2302 / 2556,none,×
6822,2025-09-26,1540,2772 / 2942 / 6972 / 2974 / 2382,2772 / 2942,6972 / 2974 / 2382,none,×
6823,2025-09-29,0012,2542 / 2302 / 2742 / 2172 / 2942,2542 / 2302,2742 / 2172 / 2942,none,×
6824,2025-09-30,7765,2592 / 6392 / 2302 / 6592 / 6742,2592 / 6392,2302 / 6592 / 6742,none,×
6825,2025-10-01,5280,2799 / 2792 / 2392 / 2199 / 6399,2799 / 2792,2392 / 2199 / 6399,none,×
6826,2025-10-02,1916,2942 / 2341 / 2502 / 2382 / 6542,2942 / 2341,2502 / 2382 / 6542,none,×
6827,2025-10-03,2964,2782 / 2592 / 2752 / 2791 / 7792,2782 / 2592,2752 / 2791 / 7792,none,×
6828,2025-10-06,0933,2592 / 2791 / 2782 / 2712 / 2794,2592 / 2791,2782 / 2712 / 2794,none,×
6829,2025-10-07,7717,2782 / 2752 / 2742 / 2734 / 6704,2782 / 2752,2742 / 2734 / 6704,none,×
6830,2025-10-08,0220,2792 / 2702 / 2942 / 2904 / 2782,2792 / 2702,2942 / 2904 / 2782,none,×
6831,2025-10-09,6352,6372 / 2342 / 6572 / 2371 / 2772,6372 / 2342,6572 / 2371 / 2772,none,×
6832,2025-10-10,3148,2502 / 2802 / 6102 / 6502 / 2342,2502 / 2802,6102 / 6502 / 2342,none,×
6833,2025-10-13,6896,2372 / 2572 / 2344 / 2742 / 2340,2372 / 2572,2344 / 2742 / 2340,none,×
6834,2025-10-14,4706,2342 / 2392 / 2362 / 2332 / 6362,2342 / 2392,2362 / 2332 / 6362,none,×
6835,2025-10-15,1350,2392 / 2192 / 2972 / 2962 / 2762,2392 / 2192,2972 / 2962 / 2762,none,×
6836,2025-10-16,4325,2502 / 2802 / 2602 / 6302 / 2542,2502 / 2802,2602 / 6302 / 2542,none,×
6837,2025-10-17,5441,2579 / 2349 / 2172 / 2149 / 2571,2579 / 2349,2172 / 2149 / 2571,none,×
6838,2025-10-20,0100,2592 / 2502 / 2392 / 2545 / 2391,2592 / 2502,2392 / 2545 / 2391,none,×
6839,2025-10-21,8607,2592 / 2792 / 2391 / 6591 / 2362,2592 / 2792,2391 / 6591 / 2362,none,×
6840,2025-10-22,2326,2394 / 2792 / 6394 / 2396 / 2398,2394 / 2792,6394 / 2396 / 2398,none,×
6841,2025-10-23,8612,2572 / 2772 / 2542 / 2171 / 2872,2572 / 2772,2542 / 2171 / 2872,none,×
6842,2025-10-24,4591,2342 / 6302 / 2352 / 2332 / 2362,2342 / 6302,2352 / 2332 / 2362,none,×
6843,2025-10-27,0523,2301 / 2502 / 2702 / 2772 / 2341,2301 / 2502,2702 / 2772 / 2341,none,×
6844,2025-10-28,0017,2342 / 6572 / 6772 / 6371 / 6346,2342 / 6572,6772 / 6371 / 6346,none,×
6845,2025-10-29,4714,2392 / 2702 / 2592 / 6592 / 6502,2392 / 2702,2592 / 6592 / 6502,none,×
6846,2025-10-30,8726,2392 / 2302 / 2592 / 2742 / 2382,2392 / 2302,2592 / 2742 / 2382,none,×
6847,2025-10-31,0137,2372 / 6772 / 2342 / 6972 / 2982,2372 / 6772,2342 / 6972 / 2982,none,×
6848,2025-11-03,9275,2332 / 2302 / 2532 / 6502 / 2382,2332 / 2302,2532 / 6502 / 2382,none,×
6849,2025-11-04,9227,2559 / 6309 / 2959 / 6559 / 2509,2559 / 6309,2959 / 6559 / 2509,none,×
6850,2025-11-05,5282,2342 / 6374 / 6344 / 2972 / 2542,2342 / 6374,6344 / 2972 / 2542,none,×
6851,2025-11-06,2981,2542 / 2392 / 2902 / 2312 / 6302,2542 / 2392,2902 / 2312 / 6302,none,×
6852,2025-11-07,3049,2702 / 6742 / 2701 / 2792 / 6745,2702 / 6742,2701 / 2792 / 6745,none,×
6853,2025-11-10,6727,2702 / 2741 / 2792 / 2799 / 2302,2702 / 2741,2792 / 2799 / 2302,none,×
6854,2025-11-11,3403,2942 / 2944 / 2372 / 2974 / 2572,2942 / 2944,2372 / 2974 / 2572,none,×
6855,2025-11-12,2123,2591 / 2391 / 2502 / 2396 / 6591,2591 / 2391,2502 / 2396 / 6591,none,×
6856,2025-11-13,9991,2342 / 2571 / 2344 / 2374 / 2541,2342 / 2571,2344 / 2374 / 2541,none,×
6857,2025-11-14,3116,6771 / 6702 / 6772 / 6741 / 2705,6771 / 6702,6772 / 6741 / 2705,none,×
6858,2025-11-17,1184,2302 / 2542 / 2792 / 2702 / 6392,2302 / 2542,2792 / 2702 / 6392,none,×
6859,2025-11-18,6444,2742 / 6342 / 6542 / 2541 / 2702,2742 / 6342,6542 / 2541 / 2702,none,×
6860,2025-11-19,5186,2502 / 2302 / 2572 / 2582 / 2382,2502 / 2302,2572 / 2582 / 2382,none,×
6861,2025-11-20,4693,2742 / 2302 / 2541 / 2502 / 2842,2742 / 2302,2541 / 2502 / 2842,none,×
6862,2025-11-21,9741,2301 / 2304 / 2371 / 2341 / 2702,2301 / 2304,2371 / 2341 / 2702,none,×
6863,2025-11-24,1258,2942 / 2742 / 6942 / 6742 / 6342,2942 / 2742,6942 / 6742 / 6342,none,×
6864,2025-11-25,5445,2502 / 6902 / 2904 / 6502 / 4302,2502 / 6902,2904 / 6502 / 4302,none,×
6865,2025-11-26,3324,2541 / 2509 / 2544 / 2342 / 2399,2541 / 2509,2544 / 2342 / 2399,none,×
6866,2025-11-27,2803,2342 / 2572 / 2742 / 2182 / 2672,2342 / 2572,2742 / 2182 / 2672,none,×
6867,2025-11-28,3076,2394 / 2302 / 6392 / 6396 / 2362,2394 / 2302,6392 / 6396 / 2362,none,×
6868,2025-12-01,5396,2792 / 2701 / 2302 / 2772 / 2551,2792 / 2701,2302 / 2772 / 2551,none,×
6869,2025-12-02,6936,2172 / 2502 / 2372 / 2702 / 2742,2172 / 2502,2372 / 2702 / 2742,none,×
6870,2025-12-03,7263,2742 / 6702 / 2752 / 2741 / 2772,2742 / 6702,2752 / 2741 / 2772,none,×
6871,2025-12-04,5571,2396 / 2996 / 6396 / 2592 / 2596,2396 / 2996,6396 / 2592 / 2596,none,×
6872,2025-12-05,4784,2101 / 2352 / 2391 / 2191 / 2752,2101 / 2352,2391 / 2191 / 2752,none,×
6873,2025-12-08,3493,2342 / 4942 / 2741 / 2142 / 4941,2342 / 4942,2741 / 2142 / 4941,none,×
6874,2025-12-09,3123,2506 / 2572 / 2571 / 2504 / 2546,2506 / 2572,2571 / 2504 / 2546,none,×
6875,2025-12-10,5272,2376 / 2341 / 2571 / 2346 / 2772,2376 / 2341,2571 / 2346 / 2772,none,×
6876,2025-12-11,2208,2392 / 2992 / 2502 / 2592 / 6992,2392 / 2992,2502 / 2592 / 6992,none,×
6877,2025-12-12,2528,2592 / 6392 / 6992 / 2594 / 2990,2592 / 6392,6992 / 2594 / 2990,none,×
6878,2025-12-15,7221,2172 / 2374 / 2742 / 2142 / 6372,2172 / 2374,2742 / 2142 / 6372,box,〇
6879,2025-12-16,2310,2372 / 2972 / 2572 / 6371 / 2301,2372 / 2972,2572 / 6371 / 2301,box,〇
6880,2025-12-17,0497,2102 / 2592 / 2302 / 2391 / 2702,2102 / 2592,2302 / 2391 / 2702,none,×
6881,2025-12-18,5879,6502 / 6504 / 6306 / 2504 / 6522,6502 / 6504,6306 / 2504 / 6522,none,×
6882,2025-12-19,4944,2399 / 2352 / 2359 / 2351 / 6302,2399 / 2352,2359 / 2351 / 6302,none,×
6883,2025-12-22,9785,2792 / 2782 / 2701 / 2342 / 4741,2792 / 2782,2701 / 2342 / 4741,none,×
6884,2025-12-23,3278,2741 / 2749 / 2341 / 2349 / 6749,2741 / 2749,2341 / 2349 / 6749,none,×
6885,2025-12-24,3984,2352 / 2502 / 2992 / 2372 / 2972,2352 / 2502,2992 / 2372 / 2972,none,×
6886,2025-12-25,6333,2702 / 2342 / 2744 / 2542 / 2791,2702 / 2342,2744 / 2542 / 2791,none,×
6887,2025-12-26,4141,2102 / 2301 / 2302 / 2381 / 2104,2102 / 2301,2302 / 2381 / 2104,none,×
6888,2025-12-29,2121,2301 / 2391 / 2542 / 2741 / 2502,2301 / 2391,2542 / 2741 / 2502,none,×
6889,2025-12-30,7202,2341 / 2381 / 2342 / 2541 / 2542,2341 / 2381,2342 / 2541 / 2542,none,×
6890,2026-01-05,7526,2592 / 2391 / 2902 / 6992 / 2591,2592 / 2391,2902 / 6992 / 2591,none,×
6891,2026-01-06,2300,2342 / 2171 / 2371 / 2382 / 2972,2342 / 2171,2371 / 2382 / 2972,none,×
6892,2026-01-07,7263,2392 / 2391 / 2101 / 2792 / 2171,2392 / 2391,2101 / 2792 / 2171,none,×
6893,2026-01-08,1632,2991 / 2592 / 2996 / 2394 / 2594,2991 / 2592,2996 / 2394 / 2594,none,×
6894,2026-01-09,6551,2332 / 2702 / 2301 / 2102 / 2331,2332 / 2702,2301 / 2102 / 2331,none,×
6895,2026-01-12,2827,2101 / 2702 / 2501 / 6301 / 6501,2101 / 2702,2501 / 6301 / 6501,none,×
6896,2026-01-13,2699,2302 / 2382 / 2376 / 2346 / 6372,2302 / 2382,2376 / 2346 / 6372,none,×
6897,2026-01-14,2404,2301 / 2371 / 2321 / 2342 / 2102,2301 / 2371,2321 / 2342 / 2102,none,×
6898,2026-01-15,8060,2502 / 2192 / 2391 / 2382 / 6592,2502 / 2192,2391 / 2382 / 6592,none,×
6899,2026-01-16,6436,2392 / 2192 / 2591 / 2191 / 2892,2392 / 2192,2591 / 2191 / 2892,none,×
6900,2026-01-19,8174,2582 / 2501 / 2332 / 2301 / 2381,2582 / 2501,2332 / 2301 / 2381,none,×
6901,2026-01-20,9534,2352 / 2592 / 6302 / 2702 / 2752,2352 / 2592,6302 / 2702 / 2752,none,×
6902,2026-01-21,0615,2332 / 6302 / 2132 / 6332 / 2331,2332 / 6302,2132 / 6332 / 2331,none,×
6903,2026-01-22,6022,2309 / 6391 / 6301 / 2392 / 2381,2309 / 6391,6301 / 2392 / 2381,none,×
6904,2026-01-23,0515,2742 / 2771 / 2782 / 2172 / 2582,2742 / 2771,2782 / 2172 / 2582,none,×
6905,2026-01-26,0176,2399 / 6191 / 6101 / 2391 / 2392,2399 / 6191,6101 / 2391 / 2392,none,×
6906,2026-01-27,7964,6302 / 2352 / 2392 / 6352 / 2501,6302 / 2352,2392 / 6352 / 2501,none,×
6907,2026-01-28,4588,2791 / 2794 / 2782 / 2762 / 6791,2791 / 2794,2782 / 2762 / 6791,none,×
6908,2026-01-29,6120,2344 / 2302 / 2544 / 2742 / 2104,2344 / 2302,2544 / 2742 / 2104,none,×
6909,2026-01-30,9827,2571 / 2342 / 2502 / 2582 / 2301,2571 / 2342,2502 / 2582 / 2301,none,×
6910,2026-02-02,9945,6374 / 2344 / 2376 / 6344 / 2371,6374 / 2344,2376 / 6344 / 2371,none,×
6911,2026-02-03,3727,6741 / 6701 / 2744 / 2742 / 6771,6741 / 6701,2744 / 2742 / 6771,none,×
6912,2026-02-04,3834,2974 / 2372 / 2172 / 2975 / 2776,2974 / 2372,2172 / 2975 / 2776,none,×
6913,2026-02-05,5517,2382 / 2331 / 2381 / 2372 / 6332,2382 / 2331,2381 / 2372 / 6332,none,×
6914,2026-02-06,6403,2194 / 2302 / 2192 / 2504 / 2524,2194 / 2302,2192 / 2504 / 2524,none,×
6915,2026-02-09,3798,2594 / 2391 / 2502 / 2501 / 2582,2594 / 2391,2502 / 2501 / 2582,none,×
6916,2026-02-10,3395,2702 / 2102 / 2502 / 2922 / 2942,2702 / 2102,2502 / 2922 / 2942,none,×
6917,2026-02-11,7896,2171 / 2104 / 2179 / 2509 / 2124,2171 / 2104,2179 / 2509 / 2124,none,×
6918,2026-02-12,5004,2301 / 6302 / 2371 / 2392 / 2374,2301 / 6302,2371 / 2392 / 2374,none,×
6919,2026-02-13,6376,2392 / 2702 / 2591 / 2794 / 2302,2392 / 2702,2591 / 2794 / 2302,none,×
6920,2026-02-16,6978,2101 / 2191 / 2592 / 2392 / 6192,2101 / 2191,2592 / 2392 / 6192,none,×
6921,2026-02-17,0505,2704 / 6704 / 6702 / 2772 / 2302,2704 / 6704,6702 / 2772 / 2302,none,×
6922,2026-02-18,8440,6399 / 6591 / 6194 / 2191 / 6595,6399 / 6591,6194 / 2191 / 6595,none,×
6923,2026-02-19,9166,2592 / 2541 / 2572 / 6541 / 6572,2592 / 2541,2572 / 6541 / 6572,none,×
6924,2026-02-20,3115,6592 / 2591 / 6391 / 3392 / 6596,6592 / 2591,6391 / 3392 / 6596,none,×
6925,2026-02-23,2476,2399 / 2309 / 2504 / 2391 / 2529,2399 / 2309,2504 / 2391 / 2529,none,×
6926,2026-02-24,9508,2302 / 2102 / 2572 / 2504 / 2372,2302 / 2102,2572 / 2504 / 2372,none,×
6927,2026-02-25,1918,2194 / 6194 / 2394 / 6394 / 3194,2194 / 6194,2394 / 6394 / 3194,none,×
6928,2026-02-26,3099,2704 / 2592 / 2504 / 6702 / 2392,2704 / 2592,2504 / 6702 / 2392,none,×
6929,2026-02-27,2586,2709 / 2309 / 2772 / 2779 / 2579,2709 / 2309,2772 / 2779 / 2579,none,×
6930,2026-03-02,7626,2342 / 2502 / 2302 / 2541 / 2592,2342 / 2502,2302 / 2541 / 2592,none,×
6931,2026-03-03,9087,2342 / 2172 / 2374 / 2542 / 2301,2342 / 2172,2374 / 2542 / 2301,none,×
6932,2026-03-04,8404,2744 / 2344 / 6546 / 6545 / 2746,2744 / 2344,6546 / 6545 / 2746,none,×
6933,2026-03-05,2852,2392 / 2595 / 2192 / 2596 / 2582,2392 / 2595,2192 / 2596 / 2582,box,〇
6934,2026-03-06,7592,6302 / 2305 / 6301 / 2308 / 2392,6302 / 2305,6301 / 2308 / 2392,none,×
6935,2026-03-09,4819,2302 / 2372 / 2902 / 2702 / 2501,2302 / 2372,2902 / 2702 / 2501,none,×
6936,2026-03-10,2631,2302 / 2394 / 2301 / 2382 / 2308,2302 / 2394,2301 / 2382 / 2308,none,×
6937,2026-03-11,6092,2331 / 2305 / 2332 / 2505 / 2581,2331 / 2305,2332 / 2505 / 2581,none,×
6938,2026-03-12,9420,2572 / 2372 / 2102 / 2802 / 6572,2572 / 2372,2102 / 2802 / 6572,none,×
6939,2026-03-13,0247,2542 / 6571 / 2372 / 6542 / 2576,2542 / 6571,2372 / 6542 / 2576,none,×
6940,2026-03-16,3421,6506 / 6344 / 6502 / 6546 / 6594,6506 / 6344,6502 / 6546 / 6594,none,×
6941,2026-03-17,2295,2575 / 2541 / 2501 / 2372 / 2585,2575 / 2541,2501 / 2372 / 2585,none,×
6942,2026-03-18,6449,2309 / 2505 / 2301 / 2504 / 2304,2309 / 2505,2301 / 2504 / 2304,none,×
6943,2026-03-19,6454,2542 / 2549 / 2501 / 2541 / 6509,2542 / 2549,2501 / 2541 / 6509,none,×
6944,2026-03-20,9781,2302 / 2504 / 2102 / 2506 / 2301,2302 / 2504,2102 / 2506 / 2301,none,×
6945,2026-03-23,3851,2902 / 2342 / 2542 / 6942 / 6541,2902 / 2342,2542 / 6942 / 6541,none,×
6946,2026-03-24,9577,2305 / 2502 / 2304 / 2505 / 2342,2305 / 2502,2304 / 2505 / 2342,none,×
6947,2026-03-25,9785,2504 / 6506 / 6502 / 6304 / 2594,2504 / 6506,6502 / 6304 / 2594,none,×
6948,2026-03-26,1346,2909 / 6941 / 2549 / 6549 / 2509,2909 / 6941,2549 / 6549 / 2509,none,×
6949,2026-03-27,4568,2102 / 2192 / 2572 / 2582 / 2541,2102 / 2192,2572 / 2582 / 2541,none,×
6950,2026-03-30,9107,2192 / 2194 / 2792 / 2992 / 2994,2192 / 2194,2792 / 2992 / 2994,none,×
6951,2026-03-31,4404,2594 / 6592 / 6596 / 2392 / 6505,2594 / 6592,6596 / 2392 / 6505,none,×
6952,2026-04-01,2657,2591 / 2572 / 2582 / 2594 / 2512,2591 / 2572,2582 / 2594 / 2512,none,×
6953,2026-04-02,9941,2505 / 2305 / 2306 / 6304 / 6305,2505 / 2305,2306 / 6304 / 6305,none,×
6954,2026-04-03,3698,2501 / 2741 / 2742 / 2505 / 6541,2501 / 2741,2742 / 2505 / 6541,none,×
6955,2026-04-06,4111,2304 / 2572 / 2102 / 2306 / 2702,2304 / 2572,2102 / 2306 / 2702,none,×
6956,2026-04-07,1818,2502 / 2595 / 2301 / 2302 / 2395,2502 / 2595,2301 / 2302 / 2395,none,×
6957,2026-04-08,0470,2394 / 6392 / 2382 / 2396 / 2301,2394 / 6392,2382 / 2396 / 2301,none,×
6958,2026-04-09,4970,2502 / 2501 / 6592 / 6591 / 2302,2502 / 2501,6592 / 6591 / 2302,none,×
6959,2026-04-10,0900,2701 / 2501 / 2592 / 2302 / 2505,2701 / 2501,2592 / 2302 / 2505,none,×
6960,2026-04-13,7494,6791 / 6591 / 2791 / 2591 / 6595,6791 / 6591,2791 / 2591 / 6595,none,×
6961,2026-04-14,4248,2501 / 2505 / 2542 / 2592 / 2575,2501 / 2505,2542 / 2592 / 2575,none,×
6962,2026-04-15,7323,2544 / 2504 / 2302 / 2342 / 2500,2544 / 2504,2302 / 2342 / 2500,none,×
6963,2026-04-16,1742,2172 / 2176 / 2141 / 2542 / 2372,2172 / 2176,2141 / 2542 / 2372,none,×
6964,2026-04-17,4486,2302 / 2342 / 2542 / 2702 / 2982,2302 / 2342,2542 / 2702 / 2982,none,×
6965,2026-04-20,9227,2541 / 2501 / 2544 / 2582 / 2522,2541 / 2501,2544 / 2582 / 2522,none,×
6966,2026-04-21,0168,6575 / 2574 / 6574 / 2545 / 2344,6575 / 2574,6574 / 2545 / 2344,none,×
6967,2026-04-22,3570,6594 / 2392 / 2594 / 6394 / 6390,6594 / 2392,2594 / 6394 / 6390,none,×
6968,2026-04-23,0769,2302 / 2592 / 2552 / 2192 / 2572,2302 / 2592,2552 / 2192 / 2572,none,×
6969,2026-04-24,8411,6599 / 6592 / 2992 / 2592 / 6391,6599 / 6592,2992 / 2592 / 6391,none,×
6970,2026-04-27,3003,2501 / 2505 / 6591 / 6505 / 2391,2501 / 2505,6591 / 6505 / 2391,none,×
6971,2026-04-28,9678,2792 / 2392 / 2594 / 2391 / 2595,2792 / 2392,2594 / 2391 / 2595,none,×
6972,2026-04-29,0799,6302 / 6304 / 6504 / 2304 / 2552,6302 / 6304,6504 / 2304 / 2552,none,×
6973,2026-04-30,8641,6901 / 6309 / 6502 / 6979 / 6971,6901 / 6309,6502 / 6979 / 6971,none,×
6974,2026-05-01,9391,2501 / 2391 / 2302 / 6501 / 2392,2501 / 2391,2302 / 6501 / 2392,none,×
6975,2026-05-04,3298,6501 / 3101 / 2171 / 6505 / 0101,6501 / 3101,2171 / 6505 / 0101,none,×
6976,2026-05-05,9998,2572 / 2372 / 2500 / 2542 / 2544,2572 / 2372,2500 / 2542 / 2544,none,×
6977,2026-05-06,5513,6772 / 2772 / 2502 / 6502 / 2700,6772 / 2772,2502 / 6502 / 2700,none,×
6978,2026-05-07,1595,2191 / 2192 / 2391 / 2596 / 6592,2191 / 2192,2391 / 2596 / 6592,none,×
6979,2026-05-08,1421,6509 / 2571 / 2579 / 2309 / 2599,6509 / 2571,2579 / 2309 / 2599,none,×
6980,2026-05-11,8852,2572 / 3571 / 6541 / 2542 / 6501,2572 / 3571,6541 / 2542 / 6501,none,×
6981,2026-05-12,9974,2301 / 6502 / 8302 / 2342 / 2305,2301 / 6502,8302 / 2342 / 2305,none,×
6982,2026-05-13,2169,2792 / 6502 / 6792 / 3792 / 0502,2792 / 6502,6792 / 3792 / 0502,none,×
6983,2026-05-14,7052,2599 / 2392 / 2399 / 6592 / 2596,2599 / 2392,2399 / 6592 / 2596,none,×
6984,2026-05-15,1569,2302 / 6702 / 2701 / 2802 / 2902,2302 / 6702,2701 / 2802 / 2902,none,×
6985,2026-05-18,1411,2591 / 2199 / 2399 / 2391 / 3391,2591 / 2199,2399 / 2391 / 3391,none,×
6986,2026-05-19,6356,2501 / 3591 / 2502 / 2505 / 3595,2501 / 3591,2502 / 2505 / 3595,none,×
6987,2026-05-20,7683,2501 / 2302 / 6501 / 6102 / 6301,2501 / 2302,6501 / 6102 / 6301,none,×
6988,2026-05-21,3907,2542 / 2302 / 2301 / 2392 / 6541,2542 / 2302,2301 / 2392 / 6541,none,×
6989,2026-05-22,5410,2794 / 2791 / 2594 / 2798 / 2494,2794 / 2791,2594 / 2798 / 2494,none,×
6990,2026-05-25,3526,2502 / 6591 / 6592 / 6502 / 2301,2502 / 6591,6592 / 6502 / 2301,none,×
6991,2026-05-26,6534,2542 / 2172 / 2342 / 2772 / 2972,2542 / 2172,2342 / 2772 / 2972,none,×
6992,2026-05-27,7763,2582 / 2592 / 2102 / 2542 / 2101,2582 / 2592,2102 / 2542 / 2101,none,×
6993,2026-05-28,5783,2592 / 2996 / 2391 / 2792 / 2994,2592 / 2996,2391 / 2792 / 2994,none,×
6994,2026-05-29,7402,2902 / 2541 / 2742 / 2342 / 2701,2902 / 2541,2742 / 2342 / 2701,none,×
6995,2026-06-01,5971,6592 / 6591 / 2572 / 2892 / 2792,6592 / 6591,2572 / 2892 / 2792,none,×
6996,2026-06-02,9271,2702 / 2551 / 6701 / 2751 / 2552,2702 / 2551,6701 / 2751 / 2552,none,×
6997,2026-06-03,5234,3501 / 2591 / 2502 / 2901 / 2991,3501 / 2591,2502 / 2901 / 2991,none,×
6998,2026-06-04,8389,2302 / 6502 / 2532 / 2592 / 2581,2302 / 6502,2532 / 2592 / 2581,none,×
6999,2026-06-05,4899,2141 / 2549 / 2502 / 2101 / 2341,2141 / 2549,2502 / 2101 / 2341,none,×
7000,2026-06-08,9621,2302 / 2379 / 2341 / 2391 / 2502,2302 / 2379,2341 / 2391 / 2502,none,×
7001,2026-06-09,1058,6371 / 3571 / 3341 / 2372 / 3372,6371 / 3571,3341 / 2372 / 3372,none,×
7002,2026-06-10,9258,2302 / 2501 / 2500 / 3502 / 2102,2302 / 2501,2500 / 3502 / 2102,none,×
7003,2026-06-11,5368,6502 / 3502 / 6302 / 6902 / 3304,6502 / 3502,6302 / 6902 / 3304,none,×
7004,2026-06-12,9527,2392 / 2492 / 6592 / 2692 / 2391,2392 / 2492,6592 / 2692 / 2391,none,×
7005,2026-06-15,2340,2574 / 6571 / 2575 / 3572 / 2374,2574 / 6571,2575 / 3572 / 2374,none,×
7006,2026-06-16,0642,2502 / 2541 / 2191 / 2141 / 2302,2502 / 2541,2191 / 2141 / 2302,none,×
7007,2026-06-17,0356,6392 / 2302 / 6341 / 6391 / 2341,6392 / 2302,6341 / 6391 / 2341,none,×
7008,2026-06-18,6221,2502 / 6302 / 6301 / 6102 / 6401,2502 / 6302,6301 / 6102 / 6401,none,×
7009,2026-06-19,3169,2341 / 2372 / 6571 / 6341 / 2542,2341 / 2372,6571 / 6341 / 2542,none,×
7010,2026-06-22,5073,2391 / 2392 / 6591 / 3591 / 6599,2391 / 2392,6591 / 3591 / 6599,none,×
7011,2026-06-23,8241,2502 / 2751 / 2591 / 6551 / 6501,2502 / 2751,2591 / 6551 / 6501,none,×
7012,2026-06-24,2721,6341 / 6541 / 2591 / 6391 / 2571,6341 / 6541,2591 / 6391 / 2571,none,×
7013,2026-06-25,5409,2971 / 2571 / 2741 / 6371 / 2372,2971 / 2571,2741 / 6371 / 2372,none,×
7014,2026-06-26,5441,6591 / 6599 / 2399 / 6391 / 2509,6591 / 6599,2399 / 6391 / 2509,none,×
7015,2026-06-29,1319,2591 / 2571 / 6501 / 2521 / 2371,2591 / 2571,6501 / 2521 / 2371,none,×
7016,2026-06-30,8964,2391 / 6591 / 2301 / 2599 / 2509,2391 / 6591,2301 / 2599 / 2509,none,×
7017,2026-07-01,5401,6791 / 2591 / 2392 / 6591 / 2761,6791 / 2591,2392 / 6591 / 2761,none,×
7018,2026-07-02,7201,6591 / 2571 / 3591 / 2301 / 2392,6591 / 2571,3591 / 2301 / 2392,none,×
7019,2026-07-03,6718,2991 / 6591 / 2371 / 2491 / 6371,2991 / 6591,2371 / 2491 / 6371,none,×
7020,2026-07-06,9134,2392 / 2702 / 2901 / 2391 / 6301,2392 / 2702,2901 / 2391 / 6301,none,×
7021,2026-07-07,8339,6301 / 3301 / 3501 / 6502 / 2551,6301 / 3301,3501 / 6502 / 2551,none,×
7022,2026-07-08,4699,6501 / 6301 / 2509 / 2581 / 6181,6501 / 6301,2509 / 2581 / 6181,none,×
7023,2026-07-09,6892,2309 / 2379 / 2302 / 2321 / 2329,2309 / 2379,2302 / 2321 / 2329,none,×
7024,2026-07-10,0430,6301 / 6302 / 6371 / 2341 / 2322,6301 / 6302,6371 / 2341 / 2322,none,×
7025,2026-07-13,7558,6502 / 6581 / 2501 / 6541 / 6332,6502 / 6581,2501 / 6541 / 6332,none,×
7026,2026-07-14,5765,2301 / 2702 / 2501 / 2300 / 6300,2301 / 2702,2501 / 2300 / 6300,none,×
7027,2026-07-15,8394,2391 / 2999 / 6391 / 6399 / 2499,2391 / 2999,6391 / 6399 / 2499,none,×
7028,2026-07-16,0256,2501 / 6501 / 6101 / 6301 / 6102,2501 / 6501,6101 / 6301 / 6102,none,×
7029,2026-07-17,3608,6501 / 2302 / 6502 / 6902 / 7302,6501 / 2302,6502 / 6902 / 7302,none,×
7030,2026-07-20,2535,2394 / 2390 / 8392 / 2372 / 2792,2394 / 2390,8392 / 2372 / 2792,none,×
7031,2026-07-21,8873,2331 / 2509 / 6301 / 6309 / 2391,2331 / 2509,6301 / 6309 / 2391,none,×
7032,2026-07-22,1794,6301 / 6351 / 6391 / 8301 / 2306,6301 / 6351,6391 / 8301 / 2306,none,×
7033,2026-07-23,4302,2902 / 6301 / 2372 / 2371 / 2772,2902 / 6301,2372 / 2371 / 2772,none,×
7034,2026-07-24,2535,2192 / 2191 / 2692 / 2502 / 2501,2192 / 2191,2692 / 2502 / 2501,none,×
7035,2026-07-27,2891,2331 / 2509 / 6301 / 2701 / 6501,2331 / 2509,6301 / 2701 / 6501,none,×
7036,2026-07-28,7904,6301 / 2341 / 2321 / 2372 / 2361,6301 / 2341,2321 / 2372 / 2361,none,×
7037,2026-07-29,7617,2592 / 2702 / 6791 / 2391 / 6391,2592 / 2702,6791 / 2391 / 6391,none,×
7038,2026-07-30,0564,2302 / 2304 / 2395 / 2308 / 2399,2302 / 2304,2395 / 2308 / 2399,none,×
7039,2026-07-31,7747,2392 / 2592 / 2391 / 6191 / 2192,2392 / 2592,2391 / 6191 / 2192,none,×
7040,2026-08-03,9522,2302 / 2342 / 2301 / 2341 / 2902,2302 / 2342,2301 / 2341 / 2902,none,×
7041,2026-08-04,0994,2342 / 6372 / 2371 / 3372 / 3371,2342 / 6372,2371 / 3372 / 3371,none,×
7042,2026-08-05,4570,2702 / 6501 / 6772 / 6771 / 2771,2702 / 6501,6772 / 6771 / 2771,none,×
7043,2026-08-06,8835,2301 / 2591 / 2592 / 2392 / 2792,2301 / 2591,2592 / 2392 / 2792,none,×
7044,2026-08-07,2652,2309 / 6331 / 6309 / 6339 / 2389,2309 / 6331,6309 / 6339 / 2389,none,×
7045,2026-08-10,7754,2502 / 6301 / 2702 / 6501 / 5502,2502 / 6301,2702 / 6501 / 5502,none,×
7046,2026-08-11,2109,2902 / 2501 / 2901 / 6302 / 6901,2902 / 2501,2901 / 6302 / 6901,box,〇
7047,2026-08-12,3128,2391 / 2392 / 2501 / 2509 / 2791,2391 / 2392,2501 / 2509 / 2791,none,×
7048,2026-08-13,8594,2502 / 2302 / 2544 / 2374 / 2541,2502 / 2302,2544 / 2374 / 2541,none,×
7049,2026-08-14,6326,2501 / 2572 / 6502 / 2102 / 2571,2501 / 2572,6502 / 2102 / 2571,none,×
7050,2026-08-17,9929,2502 / 2372 / 2541 / 2171 / 2341,2502 / 2372,2541 / 2171 / 2341,none,×
7051,2026-08-18,6105,2779 / 2741 / 2772 / 2709 / 2749,2779 / 2741,2772 / 2709 / 2749,none,×
7052,2026-08-19,5980,2399 / 6591 / 6399 / 6391 / 2595,2399 / 6591,6399 / 6391 / 2595,none,×
7053,2026-08-20,9298,2742 / 2501 / 2542 / 2792 / 6702,2742 / 2501,2542 / 2792 / 6702,none,×
7054,2026-08-21,9577,2304 / 2504 / 6502 / 3302 / 2904,2304 / 2504,6502 / 3302 / 2904,none,×
