draw,date,actual,predictions,mainline,support,hit_type,mark
5941,2022-04-29,5450,8820 / 3320 / 7720 / 8890 / 7820,8820 / 3320,7720 / 8890 / 7820,partial,※
5942,2022-05-02,1390,3990 / 9790 / 9890 / 7790 / 3390,3990 / 9790,9890 / 7790 / 3390,near,▲
5943,2022-05-03,1130,3320 / 5820 / 7390 / 8320 / 5220,3320 / 5820,7390 / 8320 / 5220,partial,△
5944,2022-05-04,2220,5220 / 5360 / 5310 / 5920 / 7820,5220 / 5360,5310 / 5920 / 7820,near,▲
5945,2022-05-05,9770,9220 / 3720 / 5720 / 5820 / 5420,9220 / 3720,5720 / 5820 / 5420,partial,△
5946,2022-05-06,1270,7320 / 5520 / 7920 / 7360 / 9320,7320 / 5520,7920 / 7360 / 9320,partial,△
5947,2022-05-09,0860,3720 / 5420 / 5760 / 3820 / 5790,3720 / 5420,5760 / 3820 / 5790,partial,△
5948,2022-05-10,5330,8320 / 8420 / 3320 / 7720 / 1420,8320 / 8420,3320 / 7720 / 1420,partial,△
5949,2022-05-11,8040,3360 / 3820 / 3310 / 1320 / 6320,3360 / 3820,3310 / 1320 / 6320,partial,△
5950,2022-05-12,6610,3820 / 8320 / 7320 / 9920 / 3350,3820 / 8320,7320 / 9920 / 3350,partial,※
5951,2022-05-13,3480,3920 / 3320 / 3620 / 3720 / 7920,3920 / 3320,3620 / 3720 / 7920,partial,△
5952,2022-05-16,3040,3720 / 3820 / 6220 / 5420 / 7720,3720 / 3820,6220 / 5420 / 7720,partial,△
5953,2022-05-17,9600,5320 / 3820 / 1320 / 7320 / 1920,5320 / 3820,1320 / 7320 / 1920,partial,△
5954,2022-05-18,0150,7720 / 5820 / 9920 / 9820 / 6920,7720 / 5820,9920 / 9820 / 6920,partial,△
5955,2022-05-19,2720,8390 / 7290 / 1390 / 8890 / 5320,8390 / 7290,1390 / 8890 / 5320,partial,△
5956,2022-05-20,3340,9520 / 5520 / 3320 / 3720 / 3220,9520 / 5520,3320 / 3720 / 3220,near,▲
5957,2022-05-23,8010,5320 / 7320 / 3820 / 6820 / 6310,5320 / 7320,3820 / 6820 / 6310,partial,△
5958,2022-05-24,5740,3920 / 3720 / 9320 / 3910 / 9310,3920 / 3720,9320 / 3910 / 9310,partial,△
5959,2022-05-25,5750,9320 / 7720 / 9520 / 5720 / 3310,9320 / 7720,9520 / 5720 / 3310,near,▲
5960,2022-05-26,1280,3790 / 9590 / 5790 / 5390 / 1790,3790 / 9590,5790 / 5390 / 1790,partial,△
5961,2022-05-27,3930,3720 / 5220 / 5420 / 3820 / 8820,3720 / 5220,5420 / 3820 / 8820,partial,△
5962,2022-05-30,5900,6720 / 3220 / 5320 / 3760 / 5220,6720 / 3220,5320 / 3760 / 5220,partial,△
5963,2022-05-31,0580,9720 / 3220 / 9320 / 9220 / 1720,9720 / 3220,9320 / 9220 / 1720,partial,※
5964,2022-06-01,3570,7420 / 8420 / 7720 / 3220 / 7920,7420 / 8420,7720 / 3220 / 7920,partial,△
5965,2022-06-02,3120,3420 / 5420 / 6420 / 5440 / 5460,3420 / 5420,6420 / 5440 / 5460,near,▲
5966,2022-06-03,9190,6320 / 8320 / 5220 / 1320 / 3420,6320 / 8320,5220 / 1320 / 3420,partial,△
5967,2022-06-06,1970,7220 / 9390 / 7290 / 7820 / 7310,7220 / 9390,7290 / 7820 / 7310,partial,△
5968,2022-06-07,1980,5220 / 3720 / 5740 / 5340 / 3760,5220 / 3720,5740 / 5340 / 3760,partial,※
5969,2022-06-08,1850,5220 / 7720 / 3220 / 5760 / 5920,5220 / 7720,3220 / 5760 / 5920,partial,△
5970,2022-06-09,3630,3390 / 5990 / 5790 / 7390 / 3790,3390 / 5990,5790 / 7390 / 3790,partial,△
5971,2022-06-10,8080,5920 / 3960 / 3620 / 3720 / 6960,5920 / 3960,3620 / 3720 / 6960,partial,※
5972,2022-06-13,3660,3720 / 9920 / 9320 / 3340 / 5320,3720 / 9920,9320 / 3340 / 5320,partial,△
5973,2022-06-14,8400,3620 / 6920 / 3720 / 3320 / 5620,3620 / 6920,3720 / 3320 / 5620,partial,※
5974,2022-06-15,9680,3920 / 3410 / 3710 / 3810 / 9920,3920 / 3410,3710 / 3810 / 9920,partial,△
5975,2022-06-16,3020,7620 / 9920 / 5820 / 3920 / 8920,7620 / 9920,5820 / 3920 / 8920,near,▲
5976,2022-06-17,0920,3720 / 5320 / 5920 / 8920 / 5720,3720 / 5320,5920 / 8920 / 5720,near,▲
5977,2022-06-20,0990,3720 / 7320 / 7220 / 8220 / 9320,3720 / 7320,7220 / 8220 / 9320,partial,△
5978,2022-06-21,2560,3720 / 3790 / 3390 / 8790 / 5320,3720 / 3790,3390 / 8790 / 5320,partial,△
5979,2022-06-22,5230,9920 / 5420 / 9720 / 3920 / 5920,9920 / 5420,9720 / 3920 / 5920,partial,△
5980,2022-06-23,0570,3760 / 7720 / 3220 / 3320 / 1720,3760 / 7720,3220 / 3320 / 1720,partial,△
5981,2022-06-24,4330,8220 / 5420 / 3220 / 7460 / 8260,8220 / 5420,3220 / 7460 / 8260,partial,△
5982,2022-06-27,3350,8320 / 8360 / 3310 / 8820 / 8340,8320 / 8360,3310 / 8820 / 8340,near,▲
5983,2022-06-28,2100,5390 / 3320 / 3890 / 3310 / 1890,5390 / 3320,3890 / 3310 / 1890,partial,△
5984,2022-06-29,3500,9220 / 5320 / 3310 / 9820 / 9210,9220 / 5320,3310 / 9820 / 9210,partial,△
5985,2022-06-30,8410,3320 / 3720 / 8220 / 3210 / 3820,3320 / 3720,8220 / 3210 / 3820,partial,△
5986,2022-07-01,7710,3410 / 3450 / 3710 / 3750 / 3440,3410 / 3450,3710 / 3750 / 3440,near,▲
5987,2022-07-04,9210,9510 / 9550 / 9310 / 9920 / 3310,9510 / 9550,9310 / 9920 / 3310,near,▲
5988,2022-07-05,4400,7750 / 7410 / 7420 / 5720 / 7320,7750 / 7410,7420 / 5720 / 7320,partial,△
5989,2022-07-06,6770,5420 / 8410 / 5410 / 3710 / 3820,5420 / 8410,5410 / 3710 / 3820,partial,△
5990,2022-07-07,3360,3320 / 3360 / 3220 / 3740 / 3580,3320 / 3360,3220 / 3740 / 3580,straight,◎
5991,2022-07-08,2090,8320 / 3820 / 1320 / 3390 / 3220,8320 / 3820,1320 / 3390 / 3220,partial,△
5992,2022-07-11,9030,3320 / 9990 / 9920 / 3920 / 3720,3320 / 9990,9920 / 3920 / 3720,partial,△
5993,2022-07-12,7260,7920 / 3320 / 5320 / 3360 / 5920,7920 / 3320,5320 / 3360 / 5920,partial,△
5994,2022-07-13,6790,9220 / 3720 / 9320 / 9410 / 9780,9220 / 3720,9320 / 9410 / 9780,partial,△
5995,2022-07-14,7910,3590 / 3320 / 3520 / 3220 / 5790,3590 / 3320,3520 / 3220 / 5790,partial,△
5996,2022-07-15,6560,9310 / 9320 / 9750 / 9350 / 9910,9310 / 9320,9750 / 9350 / 9910,partial,△
5997,2022-07-18,1360,3410 / 3320 / 3520 / 8420 / 3820,3410 / 3320,3520 / 8420 / 3820,partial,△
5998,2022-07-19,1400,3310 / 3360 / 5360 / 5820 / 5810,3310 / 3360,5360 / 5820 / 5810,partial,△
5999,2022-07-20,0780,5710 / 3420 / 3710 / 5220 / 5460,5710 / 3420,3710 / 5220 / 5460,partial,△
6000,2022-07-21,9900,7520 / 3720 / 3520 / 3320 / 1520,7520 / 3720,3520 / 3320 / 1520,partial,※
6001,2022-07-22,3060,7220 / 7210 / 5710 / 7760 / 5320,7220 / 7210,5710 / 7760 / 5320,partial,△
6002,2022-07-25,5400,3720 / 6920 / 8920 / 1920 / 1320,3720 / 6920,8920 / 1920 / 1320,partial,※
6003,2022-07-26,0620,3720 / 3910 / 3920 / 3210 / 1710,3720 / 3910,3920 / 3210 / 1710,partial,△
6004,2022-07-27,6450,7920 / 1920 / 9920 / 5620 / 5820,7920 / 1920,9920 / 5620 / 5820,partial,△
6005,2022-07-28,3980,3990 / 3410 / 5490 / 3710 / 1490,3990 / 3410,5490 / 3710 / 1490,near,▲
6006,2022-07-29,1250,3320 / 3760 / 8720 / 6220 / 1220,3320 / 3760,8720 / 6220 / 1220,near,▲
6007,2022-08-01,7870,5490 / 5290 / 7790 / 3710 / 5750,5490 / 5290,7790 / 3710 / 5750,partial,△
6008,2022-08-02,7910,9320 / 9410 / 9440 / 9450 / 9310,9320 / 9410,9440 / 9450 / 9310,partial,△
6009,2022-08-03,4530,9720 / 9320 / 9750 / 6710 / 9420,9720 / 9320,9750 / 6710 / 9420,partial,△
6010,2022-08-04,0570,3220 / 5460 / 5220 / 3260 / 5520,3220 / 5460,5220 / 3260 / 5520,partial,△
6011,2022-08-05,7710,7220 / 3220 / 5460 / 7260 / 1460,7220 / 3220,5460 / 7260 / 1460,partial,△
6012,2022-08-08,3940,9520 / 9550 / 9310 / 9210 / 6710,9520 / 9550,9310 / 9210 / 6710,partial,△
6013,2022-08-09,9320,3220 / 5720 / 1720 / 7720 / 1220,3220 / 5720,1720 / 7720 / 1220,partial,△
6014,2022-08-10,4900,5320 / 7720 / 7420 / 6320 / 5420,5320 / 7720,7420 / 6320 / 5420,partial,△
6015,2022-08-11,7790,5720 / 5710 / 3310 / 8720 / 8320,5720 / 5710,3310 / 8720 / 8320,partial,△
6016,2022-08-12,7500,9520 / 9390 / 9990 / 9290 / 9910,9520 / 9390,9990 / 9290 / 9910,partial,△
6017,2022-08-15,5540,9410 / 9920 / 9520 / 7420 / 9710,9410 / 9920,9520 / 7420 / 9710,partial,△
6018,2022-08-16,8020,3520 / 3720 / 7420 / 9420 / 5520,3520 / 3720,7420 / 9420 / 5520,partial,△
6019,2022-08-17,1480,3720 / 3910 / 9920 / 7920 / 5920,3720 / 3910,9920 / 7920 / 5920,partial,△
6020,2022-08-18,2780,3420 / 3920 / 7720 / 7420 / 5760,3420 / 3920,7720 / 7420 / 5760,partial,△
6021,2022-08-19,2380,5520 / 9920 / 3320 / 3920 / 7720,5520 / 9920,3320 / 3920 / 7720,partial,△
6022,2022-08-22,5910,5320 / 3820 / 7320 / 9360 / 3220,5320 / 3820,7320 / 9360 / 3220,partial,△
6023,2022-08-23,7430,3310 / 7720 / 3220 / 9710 / 3420,3310 / 7720,3220 / 9710 / 3420,partial,△
6024,2022-08-24,6730,9920 / 7720 / 9910 / 9760 / 3410,9920 / 7720,9910 / 9760 / 3410,partial,△
6025,2022-08-25,4600,3510 / 3760 / 3320 / 3910 / 7720,3510 / 3760,3320 / 3910 / 7720,partial,△
6026,2022-08-26,8410,5920 / 8910 / 3720 / 3620 / 3810,5920 / 8910,3720 / 3620 / 3810,near,▲
6027,2022-08-29,2840,3720 / 3920 / 3750 / 3220 / 7420,3720 / 3920,3750 / 3220 / 7420,partial,△
6028,2022-08-30,6740,5420 / 9410 / 9320 / 5410 / 4420,5420 / 9410,9320 / 5410 / 4420,partial,△
6029,2022-08-31,9330,3920 / 3710 / 5520 / 8520 / 3550,3920 / 3710,5520 / 8520 / 3550,partial,△
6030,2022-09-01,0740,7360 / 7710 / 7420 / 5320 / 7760,7360 / 7710,7420 / 5320 / 7760,partial,△
6031,2022-09-02,5300,5520 / 3720 / 5720 / 7510 / 3920,5520 / 3720,5720 / 7510 / 3920,partial,△
6032,2022-09-05,1050,7320 / 9320 / 5320 / 1310 / 3410,7320 / 9320,5320 / 1310 / 3410,partial,△
6033,2022-09-06,7980,5390 / 7990 / 5910 / 7790 / 5320,5390 / 7990,5910 / 7790 / 5320,near,▲
6034,2022-09-07,3060,6720 / 9220 / 5720 / 9420 / 7760,6720 / 9220,5720 / 9420 / 7760,partial,△
6035,2022-09-08,7030,3720 / 6920 / 1920 / 7920 / 6720,3720 / 6920,1920 / 7920 / 6720,partial,△
6036,2022-09-09,1490,9960 / 9310 / 7910 / 9720 / 7960,9960 / 9310,7910 / 9720 / 7960,partial,△
6037,2022-09-12,6790,5790 / 3720 / 7790 / 5990 / 7490,5790 / 3720,7790 / 5990 / 7490,near,▲
6038,2022-09-13,2220,3520 / 3390 / 3320 / 3510 / 5790,3520 / 3390,3320 / 3510 / 5790,partial,△
6039,2022-09-14,7770,5720 / 6720 / 3420 / 3820 / 3710,5720 / 6720,3420 / 3820 / 3710,partial,△
6040,2022-09-15,8080,7720 / 7520 / 9510 / 6520 / 7710,7720 / 7520,9510 / 6520 / 7710,partial,※
6041,2022-09-16,2000,3720 / 3360 / 3820 / 9920 / 3310,3720 / 3360,3820 / 9920 / 3310,partial,△
6042,2022-09-19,3060,3920 / 3320 / 5910 / 3310 / 6910,3920 / 3320,5910 / 3310 / 6910,partial,△
6043,2022-09-20,1030,3720 / 1920 / 3910 / 5920 / 3710,3720 / 1920,3910 / 5920 / 3710,partial,△
6044,2022-09-21,8720,7920 / 3320 / 3910 / 5720 / 3360,7920 / 3320,3910 / 5720 / 3360,near,▲
6045,2022-09-22,3990,3320 / 3220 / 7520 / 3510 / 7920,3320 / 3220,7520 / 3510 / 7920,partial,△
6046,2022-09-23,7580,7720 / 6720 / 1720 / 5720 / 7710,7720 / 6720,1720 / 5720 / 7710,partial,△
6047,2022-09-26,2990,6420 / 7720 / 9720 / 9520 / 7920,6420 / 7720,9720 / 9520 / 7920,partial,△
6048,2022-09-27,9590,3790 / 7790 / 5720 / 6720 / 9320,3790 / 7790,5720 / 6720 / 9320,partial,△
6049,2022-09-28,4730,7790 / 7220 / 7410 / 7990 / 7320,7790 / 7220,7410 / 7990 / 7320,partial,△
6050,2022-09-29,8610,3520 / 5510 / 8720 / 3710 / 3320,3520 / 5510,8720 / 3710 / 3320,partial,△
6051,2022-09-30,0170,3710 / 3810 / 7910 / 7710 / 9910,3710 / 3810,7910 / 7710 / 9910,partial,△
6052,2022-10-03,6080,7360 / 7220 / 7920 / 7710 / 7820,7360 / 7220,7920 / 7710 / 7820,partial,△
6053,2022-10-04,9800,3320 / 8920 / 8720 / 5920 / 5320,3320 / 8920,8720 / 5920 / 5320,partial,△
6054,2022-10-05,8430,7720 / 7310 / 7220 / 7910 / 7440,7720 / 7310,7220 / 7910 / 7440,partial,△
6055,2022-10-06,5400,3420 / 7720 / 3460 / 3920 / 3960,3420 / 7720,3460 / 3920 / 3960,partial,△
6056,2022-10-07,0200,3710 / 7420 / 3410 / 9710 / 5410,3710 / 7420,3410 / 9710 / 5410,partial,△
6057,2022-10-10,9180,7410 / 8710 / 5720 / 8720 / 5410,7410 / 8710,5720 / 8720 / 5410,partial,△
6058,2022-10-11,3130,7420 / 7820 / 7360 / 7520 / 5420,7420 / 7820,7360 / 7520 / 5420,partial,△
6059,2022-10-12,6010,3360 / 6310 / 7310 / 3420 / 7420,3360 / 6310,7310 / 3420 / 7420,near,▲
6060,2022-10-13,4340,3310 / 3920 / 3320 / 7720 / 3810,3310 / 3920,3320 / 7720 / 3810,partial,△
6061,2022-10-14,7540,5320 / 5310 / 7320 / 8820 / 3820,5320 / 5310,7320 / 8820 / 3820,partial,△
6062,2022-10-17,7450,9410 / 9720 / 7720 / 9520 / 7710,9410 / 9720,7720 / 9520 / 7710,partial,△
6063,2022-10-18,8450,7790 / 7710 / 6490 / 9410 / 6710,7790 / 7710,6490 / 9410 / 6710,partial,△
6064,2022-10-19,5130,7790 / 3710 / 3990 / 7710 / 8490,7790 / 3710,3990 / 7710 / 8490,partial,△
6065,2022-10-20,6750,7310 / 7720 / 3310 / 7220 / 7760,7310 / 7720,3310 / 7220 / 7760,partial,△
6066,2022-10-21,5400,3590 / 8790 / 3990 / 5790 / 3290,3590 / 8790,3990 / 5790 / 3290,partial,△
6067,2022-10-24,0580,7410 / 3710 / 3420 / 9410 / 5720,7410 / 3710,3420 / 9410 / 5720,partial,△
6068,2022-10-25,7120,5420 / 7220 / 7520 / 7410 / 5520,5420 / 7220,7520 / 7410 / 5520,near,▲
6069,2022-10-26,0820,9420 / 9720 / 9920 / 6320 / 7820,9420 / 9720,9920 / 6320 / 7820,near,▲
6070,2022-10-27,1520,7320 / 7220 / 7410 / 7920 / 7480,7320 / 7220,7410 / 7920 / 7480,partial,△
6071,2022-10-28,9370,7720 / 5720 / 7520 / 5220 / 6420,7720 / 5720,7520 / 5220 / 6420,partial,△
6072,2022-10-31,1020,7420 / 7380 / 7340 / 7350 / 7880,7420 / 7380,7340 / 7350 / 7880,partial,△
6073,2022-11-01,5630,7920 / 5320 / 3920 / 3720 / 8720,7920 / 5320,3920 / 3720 / 8720,partial,△
6074,2022-11-02,0160,3920 / 9920 / 3720 / 5920 / 7760,3920 / 9920,3720 / 5920 / 7760,partial,△
6075,2022-11-03,5660,7720 / 7820 / 5320 / 7520 / 5220,7720 / 7820,5320 / 7520 / 5220,partial,△
6076,2022-11-04,7760,3920 / 3720 / 7620 / 1920 / 1720,3920 / 3720,7620 / 1920 / 1720,partial,△
6077,2022-11-07,9920,9720 / 9920 / 6720 / 5520 / 3720,9720 / 9920,6720 / 5520 / 3720,straight,◎
6078,2022-11-08,0550,7320 / 7710 / 7520 / 6720 / 4720,7320 / 7710,7520 / 6720 / 4720,partial,△
6079,2022-11-09,0180,7790 / 7590 / 8490 / 7290 / 9490,7790 / 7590,8490 / 7290 / 9490,partial,△
6080,2022-11-10,7900,7420 / 7820 / 5320 / 7520 / 8820,7420 / 7820,5320 / 7520 / 8820,partial,△
6081,2022-11-11,5350,7710 / 9420 / 9320 / 9220 / 7760,7710 / 9420,9320 / 9220 / 7760,partial,△
6082,2022-11-14,9400,7320 / 7490 / 7790 / 7890 / 9490,7320 / 7490,7790 / 7890 / 9490,near,▲
6083,2022-11-15,7820,7710 / 7220 / 5420 / 7820 / 9420,7710 / 7220,5420 / 7820 / 9420,straight,◎
6084,2022-11-16,2850,6420 / 7320 / 9720 / 9920 / 9820,6420 / 7320,9720 / 9920 / 9820,partial,△
6085,2022-11-17,5560,7490 / 3490 / 9790 / 5420 / 9440,7490 / 3490,9790 / 5420 / 9440,partial,△
6086,2022-11-18,5490,7520 / 3420 / 7220 / 1420 / 3720,7520 / 3420,7220 / 1420 / 3720,partial,△
6087,2022-11-21,4310,7790 / 5720 / 9420 / 3720 / 5790,7790 / 5720,9420 / 3720 / 5790,partial,△
6088,2022-11-22,9670,8320 / 8310 / 7320 / 5350 / 7310,8320 / 8310,7320 / 5350 / 7310,partial,△
6089,2022-11-23,8620,7820 / 7520 / 7120 / 7710 / 7940,7820 / 7520,7120 / 7710 / 7940,partial,△
6090,2022-11-24,3490,7720 / 3820 / 9920 / 7820 / 7120,7720 / 3820,9920 / 7820 / 7120,partial,△
6091,2022-11-25,8180,5420 / 3420 / 5490 / 7490 / 3490,5420 / 3420,5490 / 7490 / 3490,partial,※
6092,2022-11-28,2970,3720 / 3820 / 7420 / 7720 / 7920,3720 / 3820,7420 / 7720 / 7920,box,〇
6093,2022-11-29,2070,7720 / 5320 / 3720 / 9760 / 3320,7720 / 5320,3720 / 9760 / 3320,partial,△
6094,2022-11-30,0170,5920 / 9720 / 7720 / 9960 / 3720,5920 / 9720,7720 / 9960 / 3720,partial,△
6095,2022-12-01,4730,7720 / 7220 / 5320 / 7360 / 5920,7720 / 7220,5320 / 7360 / 5920,partial,△
6096,2022-12-02,7560,8520 / 5560 / 5320 / 5710 / 5220,8520 / 5560,5320 / 5710 / 5220,near,▲
6097,2022-12-05,4550,6420 / 9720 / 9220 / 7720 / 9480,6420 / 9720,9220 / 7720 / 9480,partial,△
6098,2022-12-06,5420,5420 / 8420 / 7490 / 8410 / 5440,5420 / 8420,7490 / 8410 / 5440,straight,◎
6099,2022-12-07,7630,5420 / 5720 / 3720 / 1420 / 8720,5420 / 5720,3720 / 1420 / 8720,partial,△
6100,2022-12-08,3530,9620 / 9820 / 9120 / 7620 / 6920,9620 / 9820,9120 / 7620 / 6920,partial,※
6101,2022-12-09,4860,6420 / 5460 / 6460 / 7460 / 9420,6420 / 5460,6460 / 7460 / 9420,partial,△
6102,2022-12-12,6410,7420 / 5720 / 5410 / 8320 / 5490,7420 / 5720,5410 / 8320 / 5490,near,▲
6103,2022-12-13,5000,5420 / 3720 / 5720 / 7410 / 3450,5420 / 3720,5720 / 7410 / 3450,partial,△
6104,2022-12-14,3690,7920 / 5920 / 5720 / 5320 / 7310,7920 / 5920,5720 / 5320 / 7310,partial,△
6105,2022-12-15,6920,6620 / 5820 / 7920 / 7620 / 5520,6620 / 5820,7920 / 7620 / 5520,near,▲
6106,2022-12-16,4280,7720 / 3420 / 5420 / 7420 / 7220,7720 / 3420,5420 / 7420 / 7220,partial,△
6107,2022-12-19,1840,8720 / 7720 / 3720 / 3420 / 6420,8720 / 7720,3720 / 3420 / 6420,partial,△
6108,2022-12-20,8530,3420 / 5410 / 4420 / 7720 / 3320,3420 / 5410,4420 / 7720 / 3320,partial,△
6109,2022-12-21,5220,7420 / 5420 / 9420 / 8420 / 5460,7420 / 5420,9420 / 8420 / 5460,near,▲
6110,2022-12-22,8790,5720 / 3420 / 7820 / 9420 / 8420,5720 / 3420,7820 / 9420 / 8420,partial,△
6111,2022-12-23,6940,3720 / 3320 / 3790 / 5590 / 6520,3720 / 3320,3790 / 5590 / 6520,partial,△
6112,2022-12-26,8980,7720 / 3420 / 5420 / 5220 / 7320,7720 / 3420,5420 / 5220 / 7320,partial,※
6113,2022-12-27,1310,3320 / 5720 / 8720 / 9720 / 3760,3320 / 5720,8720 / 9720 / 3760,partial,△
6114,2022-12-28,9530,5820 / 5520 / 3320 / 5720 / 7720,5820 / 5520,3320 / 5720 / 7720,partial,△
6115,2022-12-29,3350,7460 / 7220 / 7720 / 7120 / 6420,7460 / 7220,7720 / 7120 / 6420,partial,※
6116,2022-12-30,5720,6390 / 1390 / 5490 / 5320 / 3490,6390 / 1390,5490 / 5320 / 3490,near,▲
6117,2023-01-04,4090,3520 / 5720 / 3720 / 7920 / 9920,3520 / 5720,3720 / 7920 / 9920,partial,△
6118,2023-01-05,5920,5720 / 8320 / 5820 / 8720 / 5120,5720 / 8320,5820 / 8720 / 5120,near,▲
6119,2023-01-06,6520,3720 / 3320 / 5320 / 7220 / 5520,3720 / 3320,5320 / 7220 / 5520,near,▲
6120,2023-01-09,3950,8420 / 3520 / 8520 / 6420 / 3720,8420 / 3520,8520 / 6420 / 3720,partial,△
6121,2023-01-10,6080,6790 / 8790 / 5390 / 3390 / 1790,6790 / 8790,5390 / 3390 / 1790,partial,△
6122,2023-01-11,7510,3320 / 3720 / 5720 / 8320 / 7320,3320 / 3720,5720 / 8320 / 7320,partial,△
6123,2023-01-12,7020,6420 / 9410 / 5520 / 7520 / 9450,6420 / 9410,5520 / 7520 / 9450,near,▲
6124,2023-01-13,2330,9320 / 5920 / 7720 / 9820 / 6620,9320 / 5920,7720 / 9820 / 6620,partial,△
6125,2023-01-16,9250,3320 / 5420 / 6320 / 9820 / 9360,3320 / 5420,6320 / 9820 / 9360,partial,△
6126,2023-01-17,5250,7490 / 7710 / 7820 / 5490 / 7750,7490 / 7710,7820 / 5490 / 7750,partial,△
6127,2023-01-18,4620,5790 / 5720 / 9790 / 3790 / 5890,5790 / 5720,9790 / 3790 / 5890,partial,△
6128,2023-01-19,0130,5520 / 8920 / 5120 / 8620 / 3620,5520 / 8920,5120 / 8620 / 3620,partial,△
6129,2023-01-20,2030,5320 / 5420 / 7820 / 5220 / 8820,5320 / 5420,7820 / 5220 / 8820,partial,△
6130,2023-01-23,3490,5320 / 5620 / 5820 / 9620 / 5910,5320 / 5620,5820 / 9620 / 5910,partial,△
6131,2023-01-24,4280,7420 / 5720 / 6720 / 5490 / 8720,7420 / 5720,6720 / 5490 / 8720,partial,△
6132,2023-01-25,2240,5820 / 5220 / 8820 / 3720 / 3820,5820 / 5220,8820 / 3720 / 3820,partial,△
6133,2023-01-26,2480,9420 / 9820 / 3720 / 5220 / 3820,9420 / 9820,3720 / 5220 / 3820,partial,△
6134,2023-01-27,2380,5720 / 6420 / 7420 / 5220 / 9820,5720 / 6420,7420 / 5220 / 9820,partial,△
6135,2023-01-30,0340,3320 / 9420 / 5520 / 7320 / 3820,3320 / 9420,5520 / 7320 / 3820,partial,△
6136,2023-01-31,4570,7420 / 5420 / 3320 / 7520 / 8820,7420 / 5420,3320 / 7520 / 8820,partial,△
6137,2023-02-01,7810,8420 / 5460 / 5450 / 4420 / 5120,8420 / 5460,5450 / 4420 / 5120,partial,△
6138,2023-02-02,7660,6420 / 9410 / 7320 / 3420 / 7720,6420 / 9410,7320 / 3420 / 7720,partial,△
6139,2023-02-03,5340,9620 / 7820 / 5920 / 7720 / 5520,9620 / 7820,5920 / 7720 / 5520,partial,△
6140,2023-02-06,5090,3320 / 7820 / 5820 / 5520 / 7220,3320 / 7820,5820 / 5520 / 7220,partial,△
6141,2023-02-07,6970,5320 / 7720 / 3920 / 7620 / 7390,5320 / 7720,3920 / 7620 / 7390,partial,△
6142,2023-02-08,9900,3320 / 3720 / 5420 / 3220 / 5620,3320 / 3720,5420 / 3220 / 5620,partial,※
6143,2023-02-09,8100,7220 / 5320 / 7710 / 7520 / 7210,7220 / 5320,7710 / 7520 / 7210,partial,△
6144,2023-02-10,4140,3220 / 3820 / 7320 / 3310 / 9320,3220 / 3820,7320 / 3310 / 9320,partial,△
6145,2023-02-13,5770,5220 / 5520 / 8320 / 3320 / 6320,5220 / 5520,8320 / 3320 / 6320,partial,△
6146,2023-02-14,1370,3520 / 5320 / 7720 / 5720 / 5580,3520 / 5320,7720 / 5720 / 5580,partial,△
6147,2023-02-15,4890,5820 / 3320 / 5420 / 5310 / 7820,5820 / 3320,5420 / 5310 / 7820,partial,△
6148,2023-02-16,1680,5490 / 5390 / 5920 / 5820 / 5410,5490 / 5390,5920 / 5820 / 5410,partial,△
6149,2023-02-17,4140,5820 / 5120 / 7920 / 7620 / 7520,5820 / 5120,7920 / 7620 / 7520,partial,△
6150,2023-02-20,1270,5220 / 5520 / 8320 / 3320 / 4320,5220 / 5520,8320 / 3320 / 4320,partial,△
6151,2023-02-21,0180,5820 / 5320 / 5760 / 5520 / 3720,5820 / 5320,5760 / 5520 / 3720,partial,△
6152,2023-02-22,5170,7220 / 5920 / 7420 / 5820 / 3320,7220 / 5920,7420 / 5820 / 3320,partial,△
6153,2023-02-23,1560,5220 / 7220 / 5820 / 7920 / 5520,5220 / 7220,5820 / 7920 / 5520,partial,△
6154,2023-02-24,3070,5220 / 5120 / 5320 / 4420 / 5490,5220 / 5120,5320 / 4420 / 5490,partial,△
6155,2023-02-27,1070,6920 / 6320 / 7920 / 5960 / 6960,6920 / 6320,7920 / 5960 / 6960,partial,△
6156,2023-02-28,1880,5720 / 5620 / 5360 / 5980 / 5950,5720 / 5620,5360 / 5980 / 5950,partial,△
6157,2023-03-01,9850,5220 / 4420 / 3420 / 5720 / 8420,5220 / 4420,3420 / 5720 / 8420,partial,△
6158,2023-03-02,5680,7390 / 5420 / 7320 / 7990 / 7220,7390 / 5420,7320 / 7990 / 7220,partial,△
6159,2023-03-03,0060,3920 / 9920 / 7620 / 7820 / 7720,3920 / 9920,7620 / 7820 / 7720,partial,△
6160,2023-03-06,7480,7920 / 7820 / 5620 / 5720 / 3920,7920 / 7820,5620 / 5720 / 3920,partial,△
6161,2023-03-07,3860,7420 / 9920 / 7720 / 5720 / 7920,7420 / 9920,7720 / 5720 / 7920,partial,※
6162,2023-03-08,4820,3420 / 7420 / 8420 / 3320 / 6220,3420 / 7420,8420 / 3320 / 6220,box,〇
6163,2023-03-09,1400,5820 / 3420 / 4420 / 5920 / 5520,5820 / 3420,4420 / 5920 / 5520,partial,△
6164,2023-03-10,6820,5820 / 5410 / 7420 / 3420 / 3820,5820 / 5410,7420 / 3420 / 3820,near,▲
6165,2023-03-13,5880,3320 / 5320 / 5820 / 5220 / 9420,3320 / 5320,5820 / 5220 / 9420,near,▲
6166,2023-03-14,4970,7420 / 3320 / 5320 / 7320 / 7220,7420 / 3320,5320 / 7320 / 7220,partial,△
6167,2023-03-15,0520,5220 / 5380 / 5820 / 5360 / 5920,5220 / 5380,5820 / 5360 / 5920,partial,△
6168,2023-03-16,3660,5520 / 7520 / 8420 / 5920 / 7320,5520 / 7520,8420 / 5920 / 7320,partial,△
6169,2023-03-17,0460,6920 / 6620 / 1920 / 3820 / 4920,6920 / 6620,1920 / 3820 / 4920,partial,△
6170,2023-03-20,3440,7720 / 5720 / 7220 / 7920 / 1720,7720 / 5720,7220 / 7920 / 1720,partial,※
6171,2023-03-21,1630,3420 / 5720 / 4420 / 8420 / 1720,3420 / 5720,4420 / 8420 / 1720,partial,△
6172,2023-03-22,9320,5620 / 5120 / 5660 / 5720 / 7820,5620 / 5120,5660 / 5720 / 7820,partial,△
6173,2023-03-23,4390,7820 / 3320 / 4320 / 5420 / 3820,7820 / 3320,4320 / 5420 / 3820,near,▲
6174,2023-03-24,2430,5390 / 5420 / 5520 / 4320 / 5720,5390 / 5420,5520 / 4320 / 5720,box,〇
6175,2023-03-27,6140,3420 / 5720 / 5460 / 6420 / 7420,3420 / 5720,5460 / 6420 / 7420,partial,△
6176,2023-03-28,5260,3820 / 5220 / 3420 / 3920 / 3720,3820 / 5220,3420 / 3920 / 3720,near,▲
6177,2023-03-29,3890,5720 / 7720 / 3720 / 7820 / 9720,5720 / 7720,3720 / 7820 / 9720,partial,△
6178,2023-03-30,0250,3420 / 5320 / 4420 / 3320 / 1320,3420 / 5320,4420 / 3320 / 1320,partial,△
6179,2023-03-31,6310,7890 / 5790 / 5820 / 7820 / 7290,7890 / 5790,5820 / 7820 / 7290,partial,※
6180,2023-04-03,8150,3820 / 5310 / 8320 / 3420 / 5810,3820 / 5310,8320 / 3420 / 5810,box,〇
6181,2023-04-04,7050,3890 / 3490 / 3220 / 5390 / 9390,3890 / 3490,3220 / 5390 / 9390,partial,△
6182,2023-04-05,2110,6990 / 9920 / 7990 / 5390 / 9790,6990 / 9920,7990 / 5390 / 9790,partial,△
6183,2023-04-06,3170,9320 / 9220 / 5920 / 5420 / 5350,9320 / 9220,5920 / 5420 / 5350,partial,△
6184,2023-04-07,9620,6320 / 3220 / 5820 / 6820 / 3920,6320 / 3220,5820 / 6820 / 3920,partial,△
6185,2023-04-10,8550,7620 / 5820 / 5620 / 5120 / 5320,7620 / 5820,5620 / 5120 / 5320,partial,△
6186,2023-04-11,6170,3290 / 3390 / 3410 / 3990 / 3320,3290 / 3390,3410 / 3990 / 3320,partial,△
6187,2023-04-12,6510,3220 / 5820 / 8320 / 3420 / 5360,3220 / 5820,8320 / 3420 / 5360,partial,△
6188,2023-04-13,9590,3220 / 8420 / 3520 / 7420 / 3450,3220 / 8420,3520 / 7420 / 3450,partial,△
6189,2023-04-14,7880,7220 / 5520 / 5220 / 7120 / 7920,7220 / 5520,5220 / 7120 / 7920,partial,△
6190,2023-04-17,2970,7420 / 3420 / 9820 / 6320 / 7820,7420 / 3420,9820 / 6320 / 7820,partial,△
6191,2023-04-18,4660,3320 / 9720 / 5720 / 6320 / 5360,3320 / 9720,5720 / 6320 / 5360,partial,△
6192,2023-04-19,6550,5620 / 3920 / 8820 / 5320 / 5910,5620 / 3920,8820 / 5320 / 5910,partial,△
6193,2023-04-20,1200,3420 / 5420 / 3290 / 3390 / 6490,3420 / 5420,3290 / 3390 / 6490,partial,△
6194,2023-04-21,3710,5720 / 7820 / 7720 / 5320 / 5710,5720 / 7820,7720 / 5320 / 5710,near,▲
6195,2023-04-24,6790,3520 / 6320 / 5510 / 7520 / 6920,3520 / 6320,5510 / 7520 / 6920,partial,△
6196,2023-04-25,6020,3320 / 3390 / 3720 / 7520 / 5920,3320 / 3390,3720 / 7520 / 5920,partial,△
6197,2023-04-26,6130,3820 / 5820 / 3620 / 7320 / 8920,3820 / 5820,3620 / 7320 / 8920,partial,△
6198,2023-04-27,7840,3820 / 5820 / 3420 / 3920 / 6820,3820 / 5820,3420 / 3920 / 6820,partial,△
6199,2023-04-28,0830,7420 / 6320 / 5420 / 9220 / 9410,7420 / 6320,5420 / 9220 / 9410,partial,△
6200,2023-05-01,8060,7460 / 7410 / 7220 / 5460 / 7720,7460 / 7410,7220 / 5460 / 7720,partial,△
6201,2023-05-02,1590,3920 / 3720 / 6320 / 7320 / 5820,3920 / 3720,6320 / 7320 / 5820,partial,△
6202,2023-05-03,6580,5520 / 3420 / 5590 / 5290 / 7520,5520 / 3420,5590 / 5290 / 7520,partial,△
6203,2023-05-04,0840,3220 / 7420 / 6420 / 8420 / 8220,3220 / 7420,6420 / 8420 / 8220,partial,△
6204,2023-05-05,5580,7820 / 5820 / 7220 / 3420 / 4420,7820 / 5820,7220 / 3420 / 4420,partial,△
6205,2023-05-08,9540,5420 / 5520 / 1420 / 7220 / 3120,5420 / 5520,1420 / 7220 / 3120,partial,△
6206,2023-05-09,9770,7220 / 7820 / 7120 / 5220 / 3420,7220 / 7820,7120 / 5220 / 3420,partial,△
6207,2023-05-10,7120,7560 / 7320 / 7540 / 7510 / 7590,7560 / 7320,7540 / 7510 / 7590,near,▲
6208,2023-05-11,0480,6820 / 7820 / 9420 / 9920 / 9720,6820 / 7820,9420 / 9920 / 9720,partial,△
6209,2023-05-12,4940,7820 / 7220 / 5720 / 8420 / 7920,7820 / 7220,5720 / 8420 / 7920,partial,△
6210,2023-05-15,2110,5220 / 5820 / 3320 / 8720 / 7720,5220 / 5820,3320 / 8720 / 7720,partial,△
6211,2023-05-16,1580,5820 / 3820 / 3320 / 9810 / 3220,5820 / 3820,3320 / 9810 / 3220,partial,△
6212,2023-05-17,9870,5220 / 5820 / 5120 / 3520 / 5720,5220 / 5820,5120 / 3520 / 5720,partial,△
6213,2023-05-18,2620,7460 / 7440 / 5420 / 7410 / 7470,7460 / 7440,5420 / 7410 / 7470,partial,△
6214,2023-05-19,9900,5820 / 3820 / 9620 / 6620 / 3120,5820 / 3820,9620 / 6620 / 3120,partial,△
6215,2023-05-22,1430,7220 / 7520 / 7420 / 7310 / 7210,7220 / 7520,7420 / 7310 / 7210,partial,△
6216,2023-05-23,8260,5460 / 3420 / 5860 / 5410 / 5760,5460 / 3420,5860 / 5410 / 5760,partial,△
6217,2023-05-24,6450,3420 / 9820 / 6720 / 5820 / 7420,3420 / 9820,6720 / 5820 / 7420,partial,△
6218,2023-05-25,9180,3890 / 5890 / 3790 / 8490 / 6890,3890 / 5890,3790 / 8490 / 6890,partial,△
6219,2023-05-26,7420,7220 / 7920 / 7520 / 6820 / 6320,7220 / 7920,7520 / 6820 / 6320,near,▲
6220,2023-05-29,2470,9820 / 6820 / 9920 / 6720 / 3820,9820 / 6820,9920 / 6720 / 3820,partial,△
6221,2023-05-30,9060,9820 / 9460 / 9720 / 9920 / 9410,9820 / 9460,9720 / 9920 / 9410,near,▲
6222,2023-05-31,2460,7320 / 7620 / 5820 / 5920 / 9320,7320 / 7620,5820 / 5920 / 9320,partial,△
6223,2023-06-01,4940,6420 / 9720 / 9220 / 9920 / 9490,6420 / 9720,9220 / 9920 / 9490,partial,△
6224,2023-06-02,8800,5220 / 5820 / 3720 / 3320 / 8320,5220 / 5820,3720 / 3320 / 8320,partial,△
6225,2023-06-05,0340,3820 / 7420 / 3320 / 3460 / 3810,3820 / 7420,3320 / 3460 / 3810,partial,△
6226,2023-06-06,3080,5820 / 8820 / 1820 / 3320 / 6320,5820 / 8820,1820 / 3320 / 6320,partial,△
6227,2023-06-07,8430,6320 / 6620 / 1920 / 3920 / 7820,6320 / 6620,1920 / 3920 / 7820,partial,△
6228,2023-06-08,5030,3820 / 9420 / 3410 / 3720 / 5420,3820 / 9420,3410 / 3720 / 5420,partial,△
6229,2023-06-09,7760,3920 / 7820 / 3860 / 3360 / 9860,3920 / 7820,3860 / 3360 / 9860,partial,△
6230,2023-06-12,3600,7520 / 9320 / 5520 / 3520 / 9580,7520 / 9320,5520 / 3520 / 9580,partial,△
6231,2023-06-13,4210,6620 / 1820 / 6520 / 5820 / 6420,6620 / 1820,6520 / 5820 / 6420,partial,△
6232,2023-06-14,8940,8820 / 3420 / 3820 / 5810 / 8410,8820 / 3420,3820 / 5810 / 8410,partial,△
6233,2023-06-15,7760,3420 / 3520 / 6720 / 6420 / 3920,3420 / 3520,6720 / 6420 / 3920,partial,△
6234,2023-06-16,3620,7520 / 9320 / 3520 / 5520 / 6920,7520 / 9320,3520 / 5520 / 6920,near,▲
6235,2023-06-19,2990,6620 / 6120 / 8820 / 6520 / 7920,6620 / 6120,8820 / 6520 / 7920,partial,△
6236,2023-06-20,1270,9220 / 3720 / 9820 / 6720 / 5420,9220 / 3720,9820 / 6720 / 5420,partial,△
6237,2023-06-21,1700,5720 / 3820 / 7720 / 3720 / 4420,5720 / 3820,7720 / 3720 / 4420,partial,△
6238,2023-06-22,9520,7520 / 5920 / 7720 / 3720 / 4520,7520 / 5920,7720 / 3720 / 4520,box,〇
6239,2023-06-23,4520,7220 / 7720 / 6420 / 7120 / 9520,7220 / 7720,6420 / 7120 / 9520,near,▲
6240,2023-06-26,5860,5520 / 6420 / 3520 / 4420 / 1420,5520 / 6420,3520 / 4420 / 1420,partial,△
6241,2023-06-27,1030,9420 / 3820 / 6420 / 7820 / 9220,9420 / 3820,6420 / 7820 / 9220,partial,△
6242,2023-06-28,8990,3920 / 5960 / 3820 / 5720 / 3720,3920 / 5960,3820 / 5720 / 3720,partial,△
6243,2023-06-29,0980,3220 / 7720 / 3520 / 3820 / 3120,3220 / 7720,3520 / 3820 / 3120,partial,△
6244,2023-06-30,7740,7420 / 8720 / 7520 / 3720 / 8420,7420 / 8720,7520 / 3720 / 8420,partial,△
6245,2023-07-03,1640,7520 / 3520 / 5520 / 9220 / 9120,7520 / 3520,5520 / 9220 / 9120,partial,△
6246,2023-07-04,8990,7920 / 5620 / 5120 / 7820 / 7120,7920 / 5620,5120 / 7820 / 7120,partial,△
6247,2023-07-05,4460,3220 / 7720 / 6720 / 3390 / 6220,3220 / 7720,6720 / 3390 / 6220,partial,△
6248,2023-07-06,0920,3420 / 6420 / 8820 / 5920 / 3920,3420 / 6420,8820 / 5920 / 3920,near,▲
6249,2023-07-07,9030,7220 / 8720 / 7520 / 3720 / 7120,7220 / 8720,7520 / 3720 / 7120,partial,△
6250,2023-07-10,7990,7720 / 7760 / 7910 / 7360 / 6920,7720 / 7760,7910 / 7360 / 6920,near,▲
6251,2023-07-11,7660,9790 / 9320 / 6720 / 9520 / 7420,9790 / 9320,6720 / 9520 / 7420,partial,△
6252,2023-07-12,1790,6920 / 9120 / 9520 / 9720 / 5920,6920 / 9120,9520 / 9720 / 5920,partial,△
6253,2023-07-13,6470,5590 / 7720 / 5720 / 8520 / 7990,5590 / 7720,5720 / 8520 / 7990,partial,△
6254,2023-07-14,1750,7420 / 3720 / 7720 / 3920 / 5460,7420 / 3720,7720 / 3920 / 5460,partial,△
6255,2023-07-17,7600,5520 / 7520 / 7790 / 5510 / 7510,5520 / 7520,7790 / 5510 / 7510,partial,△
6256,2023-07-18,2410,6920 / 9620 / 9720 / 9120 / 1920,6920 / 9620,9720 / 9120 / 1920,partial,△
6257,2023-07-19,4160,9920 / 3420 / 5420 / 7420 / 4420,9920 / 3420,5420 / 7420 / 4420,partial,△
6258,2023-07-20,2470,5420 / 8220 / 5820 / 8320 / 3920,5420 / 8220,5820 / 8320 / 3920,partial,△
6259,2023-07-21,3340,9720 / 3420 / 5420 / 9760 / 9480,9720 / 3420,5420 / 9760 / 9480,partial,△
6260,2023-07-24,1210,6820 / 7320 / 8320 / 8820 / 3420,6820 / 7320,8320 / 8820 / 3420,partial,△
6261,2023-07-25,7930,7420 / 3720 / 3420 / 5710 / 4420,7420 / 3720,3420 / 5710 / 4420,partial,△
6262,2023-07-26,8670,9760 / 9220 / 6720 / 9460 / 9520,9760 / 9220,6720 / 9460 / 9520,partial,△
6263,2023-07-27,8820,7920 / 6920 / 3820 / 3660 / 9960,7920 / 6920,3820 / 3660 / 9960,near,▲
6264,2023-07-28,0710,6420 / 3320 / 3920 / 3820 / 7820,6420 / 3320,3920 / 3820 / 7820,partial,△
6265,2023-07-31,5490,7510 / 8520 / 7710 / 7550 / 7420,7510 / 8520,7710 / 7550 / 7420,partial,△
6266,2023-08-01,1690,3420 / 1420 / 9490 / 7790 / 7990,3420 / 1420,9490 / 7790 / 7990,partial,△
6267,2023-08-02,0900,5990 / 3990 / 7720 / 7820 / 7520,5990 / 3990,7720 / 7820 / 7520,partial,△
6268,2023-08-03,8050,7420 / 8720 / 7320 / 7920 / 8420,7420 / 8720,7320 / 7920 / 8420,partial,△
6269,2023-08-04,3690,3920 / 8990 / 3790 / 3910 / 3490,3920 / 8990,3790 / 3910 / 3490,near,▲
6270,2023-08-07,2940,6920 / 3920 / 7920 / 3990 / 8820,6920 / 3920,7920 / 3990 / 8820,partial,△
6271,2023-08-08,5660,9420 / 7720 / 6720 / 9320 / 9520,9420 / 7720,6720 / 9320 / 9520,partial,△
6272,2023-08-09,0690,3920 / 7620 / 7720 / 1620 / 6920,3920 / 7620,7720 / 1620 / 6920,partial,△
6273,2023-08-10,7930,7620 / 5990 / 8990 / 7720 / 7910,7620 / 5990,8990 / 7720 / 7910,near,▲
6274,2023-08-11,2260,7760 / 7420 / 6720 / 7710 / 9620,7760 / 7420,6720 / 7710 / 9620,partial,△
6275,2023-08-14,8970,5720 / 7720 / 9820 / 7420 / 9790,5720 / 7720,9820 / 7420 / 9790,partial,△
6276,2023-08-15,6770,3420 / 3320 / 3920 / 3620 / 6720,3420 / 3320,3920 / 3620 / 6720,near,▲
6277,2023-08-16,0540,5520 / 8920 / 7920 / 3560 / 7560,5520 / 8920,7920 / 3560 / 7560,partial,△
6278,2023-08-17,6970,7520 / 7220 / 7720 / 7410 / 8920,7520 / 7220,7720 / 7410 / 8920,partial,△
6279,2023-08-18,4250,7720 / 8760 / 8420 / 3420 / 7220,7720 / 8760,8420 / 3420 / 7220,partial,△
6280,2023-08-21,5170,5790 / 8720 / 7790 / 8420 / 5990,5790 / 8720,7790 / 8420 / 5990,partial,△
6281,2023-08-22,5370,1920 / 1420 / 3420 / 5920 / 1960,1920 / 1420,3420 / 5920 / 1960,partial,△
6282,2023-08-23,2950,7420 / 7820 / 9320 / 3360 / 7720,7420 / 7820,9320 / 3360 / 7720,partial,△
6283,2023-08-24,7800,9490 / 9390 / 9720 / 9990 / 4790,9490 / 9390,9720 / 9990 / 4790,partial,△
6284,2023-08-25,5970,9410 / 6420 / 5420 / 7920 / 7320,9410 / 6420,5420 / 7920 / 7320,partial,△
6285,2023-08-28,8550,3720 / 7220 / 7420 / 7920 / 7620,3720 / 7220,7420 / 7920 / 7620,partial,※
6286,2023-08-29,3080,7490 / 3590 / 5490 / 7990 / 3440,7490 / 3590,5490 / 7990 / 3440,partial,△
6287,2023-08-30,3930,5920 / 7920 / 1960 / 9920 / 1620,5920 / 7920,1960 / 9920 / 1620,partial,△
6288,2023-08-31,0440,6760 / 3720 / 3760 / 7760 / 1420,6760 / 3720,3760 / 7760 / 1420,partial,△
6289,2023-09-01,2860,7720 / 5920 / 8920 / 1420 / 8720,7720 / 5920,8920 / 1420 / 8720,partial,△
6290,2023-09-04,4340,3420 / 4420 / 6420 / 3920 / 3320,3420 / 4420,6420 / 3920 / 3320,partial,△
6291,2023-09-05,1150,8820 / 8420 / 3320 / 8920 / 5310,8820 / 8420,3320 / 8920 / 5310,partial,△
6292,2023-09-06,9880,5490 / 5390 / 8990 / 5890 / 7890,5490 / 5390,8990 / 5890 / 7890,partial,△
6293,2023-09-07,3980,7460 / 5420 / 7720 / 7820 / 7940,7460 / 5420,7720 / 7820 / 7940,partial,△
6294,2023-09-08,4700,7720 / 6720 / 1420 / 8420 / 3320,7720 / 6720,1420 / 8420 / 3320,partial,△
6295,2023-09-11,1340,8920 / 5910 / 3920 / 8720 / 8320,8920 / 5910,3920 / 8720 / 8320,partial,△
6296,2023-09-12,1080,3320 / 7420 / 7820 / 8320 / 7720,3320 / 7420,7820 / 8320 / 7720,partial,△
6297,2023-09-13,3720,3920 / 5940 / 7960 / 1920 / 5820,3920 / 5940,7960 / 1920 / 5820,near,▲
6298,2023-09-14,4020,1520 / 5520 / 3520 / 7920 / 5720,1520 / 5520,3520 / 7920 / 5720,partial,△
6299,2023-09-15,2190,3920 / 5720 / 5320 / 5620 / 3720,3920 / 5720,5320 / 5620 / 3720,partial,△
6300,2023-09-18,5870,3990 / 9990 / 3320 / 3420 / 5320,3990 / 9990,3320 / 3420 / 5320,partial,△
6301,2023-09-19,9140,1420 / 3460 / 7920 / 1920 / 7440,1420 / 3460,7920 / 1920 / 7440,partial,△
6302,2023-09-20,0030,7420 / 7220 / 5920 / 7960 / 8920,7420 / 7220,5920 / 7960 / 8920,partial,※
6303,2023-09-21,4000,5920 / 1920 / 8960 / 3920 / 7320,5920 / 1920,8960 / 3920 / 7320,partial,※
6304,2023-09-22,3840,3920 / 5720 / 7920 / 5320 / 5950,3920 / 5720,7920 / 5320 / 5950,partial,△
6305,2023-09-25,5630,5420 / 8420 / 6420 / 5920 / 1820,5420 / 8420,6420 / 5920 / 1820,partial,△
6306,2023-09-26,6680,7920 / 7960 / 1960 / 9920 / 7940,7920 / 7960,1960 / 9920 / 7940,partial,△
6307,2023-09-27,3670,8920 / 3620 / 3960 / 5620 / 7620,8920 / 3620,3960 / 5620 / 7620,near,▲
6308,2023-09-28,6620,5920 / 7920 / 1960 / 5960 / 5940,5920 / 7920,1960 / 5960 / 5940,partial,△
6309,2023-09-29,2860,3620 / 1920 / 5620 / 8620 / 8820,3620 / 1920,5620 / 8620 / 8820,box,〇
6310,2023-10-02,1830,9420 / 3920 / 4420 / 5620 / 9320,9420 / 3920,4420 / 5620 / 9320,partial,△
6311,2023-10-03,3840,5920 / 5960 / 5820 / 3920 / 5860,5920 / 5960,5820 / 3920 / 5860,partial,△
6312,2023-10-04,9590,5420 / 3920 / 1820 / 8420 / 6820,5420 / 3920,1820 / 8420 / 6820,partial,△
6313,2023-10-05,4610,7920 / 7220 / 7720 / 7590 / 5920,7920 / 7220,7720 / 7590 / 5920,partial,※
6314,2023-10-06,3050,8920 / 5820 / 5950 / 8620 / 3820,8920 / 5820,5950 / 8620 / 3820,partial,△
6315,2023-10-09,2830,5990 / 7990 / 4990 / 3920 / 6920,5990 / 7990,4990 / 3920 / 6920,partial,△
6316,2023-10-10,0480,9420 / 9920 / 9460 / 3820 / 3440,9420 / 9920,9460 / 3820 / 3440,partial,△
6317,2023-10-11,3010,7920 / 5920 / 5720 / 3920 / 3720,7920 / 5920,5720 / 3920 / 3720,partial,△
6318,2023-10-12,2770,5920 / 3910 / 8920 / 3820 / 1950,5920 / 3910,8920 / 3820 / 1950,partial,△
6319,2023-10-13,9970,9920 / 9520 / 3720 / 5560 / 4920,9920 / 9520,3720 / 5560 / 4920,near,▲
6320,2023-10-16,3040,7740 / 5720 / 7420 / 7320 / 7770,7740 / 5720,7420 / 7320 / 7770,partial,△
6321,2023-10-17,3790,5920 / 7920 / 3820 / 1910 / 1620,5920 / 7920,3820 / 1910 / 1620,partial,△
6322,2023-10-18,5980,1990 / 5990 / 6990 / 3720 / 8990,1990 / 5990,6990 / 3720 / 8990,near,▲
6323,2023-10-19,7620,5720 / 3620 / 3220 / 3740 / 5620,5720 / 3620,3220 / 3740 / 5620,near,▲
6324,2023-10-20,3020,7920 / 3620 / 6920 / 1920 / 7720,7920 / 3620,6920 / 1920 / 7720,near,▲
6325,2023-10-23,2820,1920 / 3620 / 8920 / 3720 / 9920,1920 / 3620,8920 / 3720 / 9920,partial,△
6326,2023-10-24,4610,9420 / 9920 / 3320 / 5820 / 7420,9420 / 9920,3320 / 5820 / 7420,partial,△
6327,2023-10-25,0590,5620 / 3910 / 5820 / 5950 / 5810,5620 / 3910,5820 / 5950 / 5810,partial,△
6328,2023-10-26,9540,7490 / 5490 / 7990 / 7520 / 3990,7490 / 5490,7990 / 7520 / 3990,box,〇
6329,2023-10-27,7630,7920 / 7220 / 5420 / 7620 / 5820,7920 / 7220,5420 / 7620 / 5820,near,▲
6330,2023-10-30,4870,7920 / 9960 / 3960 / 7620 / 7960,7920 / 9960,3960 / 7620 / 7960,partial,△
6331,2023-10-31,9450,5820 / 5440 / 5920 / 8420 / 5720,5820 / 5440,5920 / 8420 / 5720,partial,△
6332,2023-11-01,4690,7990 / 7720 / 5490 / 7820 / 5790,7990 / 7720,5490 / 7820 / 5790,partial,△
6333,2023-11-02,3880,5990 / 3620 / 5820 / 3820 / 5910,5990 / 3620,5820 / 3820 / 5910,near,▲
6334,2023-11-03,7640,3620 / 3320 / 1420 / 5820 / 8420,3620 / 3320,1420 / 5820 / 8420,partial,△
6335,2023-11-06,9330,3620 / 7920 / 9820 / 5920 / 6820,3620 / 7920,9820 / 5920 / 6820,partial,△
6336,2023-11-07,8610,7860 / 3820 / 5820 / 7840 / 7920,7860 / 3820,5820 / 7840 / 7920,partial,△
6337,2023-11-08,5590,3820 / 3810 / 3950 / 3850 / 3840,3820 / 3810,3950 / 3850 / 3840,partial,△
6338,2023-11-09,2310,3520 / 3590 / 3990 / 3620 / 9420,3520 / 3590,3990 / 3620 / 9420,partial,△
6339,2023-11-10,1970,9820 / 3310 / 3810 / 9810 / 3620,9820 / 3310,3810 / 9810 / 3620,partial,△
6340,2023-11-13,1540,5620 / 3320 / 5220 / 3820 / 7620,5620 / 3320,5220 / 3820 / 7620,partial,△
6341,2023-11-14,2770,3420 / 3820 / 3920 / 5620 / 5510,3420 / 3820,3920 / 5620 / 5510,partial,△
6342,2023-11-15,5620,9520 / 5920 / 3720 / 5540 / 4520,9520 / 5920,3720 / 5540 / 4520,near,▲
6343,2023-11-16,9890,3820 / 9920 / 7920 / 1920 / 3520,3820 / 9920,7920 / 1920 / 3520,partial,△
6344,2023-11-17,1110,7820 / 7690 / 7990 / 5420 / 3490,7820 / 7690,7990 / 5420 / 3490,partial,※
6345,2023-11-20,8670,5920 / 3320 / 3810 / 5620 / 3420,5920 / 3320,3810 / 5620 / 3420,partial,△
6346,2023-11-21,9300,3820 / 3660 / 3840 / 3910 / 3670,3820 / 3660,3840 / 3910 / 3670,partial,△
6347,2023-11-22,9770,7810 / 3320 / 5320 / 7620 / 5310,7810 / 3320,5320 / 7620 / 5310,partial,△
6348,2023-11-23,2390,7720 / 7540 / 7320 / 5920 / 9520,7720 / 7540,7320 / 5920 / 9520,partial,△
6349,2023-11-24,1980,9390 / 9890 / 3820 / 5320 / 4320,9390 / 9890,3820 / 5320 / 4320,partial,△
6350,2023-11-27,2710,5620 / 5320 / 7720 / 5220 / 3740,5620 / 5320,7720 / 5220 / 3740,partial,△
6351,2023-11-28,0770,3520 / 5510 / 3920 / 9910 / 9550,3520 / 5510,3920 / 9910 / 9550,partial,※
6352,2023-11-29,3170,7720 / 5920 / 5720 / 5540 / 7620,7720 / 5920,5720 / 5540 / 7620,partial,△
6353,2023-11-30,1840,3920 / 6820 / 3840 / 3720 / 3340,3920 / 6820,3840 / 3720 / 3340,near,▲
6354,2023-12-01,8920,3820 / 3620 / 5620 / 3920 / 3810,3820 / 3620,5620 / 3920 / 3810,near,▲
6355,2023-12-04,6480,3620 / 3920 / 3420 / 5720 / 8720,3620 / 3920,3420 / 5720 / 8720,partial,△
6356,2023-12-05,3040,3420 / 5720 / 5420 / 5920 / 8720,3420 / 5720,5420 / 5920 / 8720,partial,△
6357,2023-12-06,2350,1920 / 5920 / 1820 / 5820 / 9920,1920 / 5920,1820 / 5820 / 9920,partial,△
6358,2023-12-07,5290,9890 / 5890 / 3320 / 9320 / 9490,9890 / 5890,3320 / 9320 / 9490,near,▲
6359,2023-12-08,7510,3890 / 3420 / 9820 / 1820 / 9790,3890 / 3420,9820 / 1820 / 9790,partial,△
6360,2023-12-11,8720,3420 / 9410 / 3820 / 9510 / 3920,3420 / 9410,3820 / 9510 / 3920,partial,△
6361,2023-12-12,9590,3720 / 3820 / 3220 / 3120 / 5720,3720 / 3820,3220 / 3120 / 5720,partial,△
6362,2023-12-13,4870,7820 / 7590 / 7890 / 7920 / 3820,7820 / 7590,7890 / 7920 / 3820,partial,△
6363,2023-12-14,2280,5420 / 3620 / 5620 / 8820 / 5720,5420 / 3620,5620 / 8820 / 5720,partial,△
6364,2023-12-15,2840,9720 / 5720 / 9420 / 4820 / 3620,9720 / 5720,9420 / 4820 / 3620,box,〇
6365,2023-12-18,1160,3820 / 9620 / 5420 / 5820 / 5320,3820 / 9620,5420 / 5820 / 5320,partial,△
6366,2023-12-19,6960,3320 / 7820 / 3420 / 3720 / 5720,3320 / 7820,3420 / 3720 / 5720,partial,※
6367,2023-12-20,1470,3620 / 3220 / 3420 / 3520 / 5620,3620 / 3220,3420 / 3520 / 5620,partial,△
6368,2023-12-21,8700,3720 / 5420 / 3920 / 3840 / 7420,3720 / 5420,3920 / 3840 / 7420,partial,△
6369,2023-12-22,9860,3320 / 3710 / 3820 / 3310 / 3120,3320 / 3710,3820 / 3310 / 3120,partial,△
6370,2023-12-25,1340,7620 / 5420 / 3420 / 3820 / 3620,7620 / 5420,3420 / 3820 / 3620,partial,△
6371,2023-12-26,4730,5820 / 7320 / 8820 / 3810 / 1320,5820 / 7320,8820 / 3810 / 1320,partial,△
6372,2023-12-27,9420,5720 / 5510 / 3320 / 5540 / 3820,5720 / 5510,3320 / 5540 / 3820,partial,△
6373,2023-12-28,1040,7420 / 3720 / 5820 / 5420 / 7220,7420 / 3720,5820 / 5420 / 7220,partial,△
6374,2023-12-29,3770,3920 / 3720 / 5720 / 5620 / 1920,3920 / 3720,5720 / 5620 / 1920,near,▲
6375,2024-01-04,4050,5520 / 3320 / 6520 / 3540 / 3620,5520 / 3320,6520 / 3540 / 3620,partial,△
6376,2024-01-05,1700,3890 / 3790 / 5790 / 5690 / 5720,3890 / 3790,5790 / 5690 / 5720,partial,△
6377,2024-01-08,5870,3720 / 5510 / 3510 / 3710 / 5820,3720 / 5510,3510 / 3710 / 5820,near,▲
6378,2024-01-09,6100,9420 / 9820 / 3620 / 3440 / 9320,9420 / 9820,3620 / 3440 / 9320,partial,△
6379,2024-01-10,1240,3320 / 3720 / 8820 / 1820 / 3520,3320 / 3720,8820 / 1820 / 3520,partial,△
6380,2024-01-11,2140,5720 / 5420 / 3420 / 8820 / 4720,5720 / 5420,3420 / 8820 / 4720,partial,△
6381,2024-01-12,9440,5820 / 3320 / 9720 / 9220 / 3420,5820 / 3320,9720 / 9220 / 3420,partial,△
6382,2024-01-15,0800,7420 / 5820 / 7920 / 5420 / 4720,7420 / 5820,7920 / 5420 / 4720,partial,△
6383,2024-01-16,8950,3420 / 3820 / 1420 / 3320 / 1410,3420 / 3820,1420 / 3320 / 1410,partial,△
6384,2024-01-17,2930,3390 / 3710 / 3490 / 3740 / 5790,3390 / 3710,3490 / 3740 / 5790,partial,△
6385,2024-01-18,8640,5720 / 9740 / 9620 / 9320 / 3320,5720 / 9740,9620 / 9320 / 3320,partial,△
6386,2024-01-19,0950,3620 / 9920 / 3910 / 3520 / 3640,3620 / 9920,3910 / 3520 / 3640,partial,△
6387,2024-01-22,6510,5790 / 7720 / 9790 / 5720 / 7390,5790 / 7720,9790 / 5720 / 7390,partial,△
6388,2024-01-23,9130,3820 / 3920 / 3510 / 3220 / 1520,3820 / 3920,3510 / 3220 / 1520,partial,△
6389,2024-01-24,1990,7840 / 7720 / 7860 / 7420 / 7620,7840 / 7720,7860 / 7420 / 7620,partial,※
6390,2024-01-25,6480,3790 / 5710 / 3710 / 3320 / 5820,3790 / 5710,3710 / 3320 / 5820,partial,△
6391,2024-01-26,1080,3820 / 3740 / 5720 / 3840 / 7720,3820 / 3740,5720 / 3840 / 7720,partial,△
6392,2024-01-29,3530,5720 / 3720 / 3320 / 5620 / 8820,5720 / 3720,3320 / 5620 / 8820,partial,△
6393,2024-01-30,1370,1520 / 1440 / 1820 / 1720 / 3720,1520 / 1440,1820 / 1720 / 3720,partial,△
6394,2024-01-31,8060,5320 / 5340 / 3840 / 7320 / 1820,5320 / 5340,3840 / 7320 / 1820,partial,△
6395,2024-02-01,3580,3720 / 9920 / 3910 / 3940 / 7920,3720 / 9920,3910 / 3940 / 7920,partial,△
6396,2024-02-02,6920,3420 / 1820 / 1720 / 1920 / 8420,3420 / 1820,1720 / 1920 / 8420,near,▲
6397,2024-02-05,7240,3320 / 3420 / 3620 / 7720 / 1620,3320 / 3420,3620 / 7720 / 1620,partial,△
6398,2024-02-06,0030,9420 / 1720 / 6720 / 9710 / 3420,9420 / 1720,6720 / 9710 / 3420,partial,△
6399,2024-02-07,3720,5920 / 8920 / 7820 / 7940 / 1940,5920 / 8920,7820 / 7940 / 1940,partial,△
6400,2024-02-08,0060,1720 / 1920 / 3720 / 8520 / 5920,1720 / 1920,3720 / 8520 / 5920,partial,※
6401,2024-02-09,3890,1920 / 8920 / 7820 / 5720 / 8720,1920 / 8920,7820 / 5720 / 8720,partial,△
6402,2024-02-12,0450,3420 / 1920 / 1320 / 5420 / 1410,3420 / 1920,1320 / 5420 / 1410,partial,△
6403,2024-02-13,7100,1490 / 3790 / 7890 / 1890 / 8490,1490 / 3790,7890 / 1890 / 8490,partial,△
6404,2024-02-14,2290,9320 / 9810 / 9220 / 9910 / 9410,9320 / 9810,9220 / 9910 / 9410,box,〇
6405,2024-02-15,0290,9820 / 9420 / 9490 / 3820 / 1720,9820 / 9420,9490 / 3820 / 1720,partial,△
6406,2024-02-16,2080,1790 / 7890 / 3790 / 5720 / 3890,1790 / 7890,3790 / 5720 / 3890,partial,△
6407,2024-02-19,3900,9820 / 9940 / 5920 / 3720 / 6920,9820 / 9940,5920 / 3720 / 6920,partial,△
6408,2024-02-20,0420,1710 / 5720 / 3710 / 8720 / 1820,1710 / 5720,3710 / 8720 / 1820,partial,△
6409,2024-02-21,3610,3420 / 1720 / 7820 / 5720 / 3920,3420 / 1720,7820 / 5720 / 3920,partial,△
6410,2024-02-22,5190,1910 / 3820 / 1620 / 3910 / 6910,1910 / 3820,1620 / 3910 / 6910,partial,△
6411,2024-02-23,6510,3890 / 3320 / 1990 / 1890 / 9920,3890 / 3320,1990 / 1890 / 9920,partial,△
6412,2024-02-26,8640,3410 / 3820 / 3720 / 3510 / 3440,3410 / 3820,3720 / 3510 / 3440,partial,△
6413,2024-02-27,8680,3620 / 3520 / 3120 / 3940 / 3610,3620 / 3520,3120 / 3940 / 3610,partial,△
6414,2024-02-28,8250,3820 / 3520 / 9920 / 3640 / 6620,3820 / 3520,9920 / 3640 / 6620,partial,△
6415,2024-02-29,5500,3490 / 9790 / 3820 / 3740 / 7790,3490 / 9790,3820 / 3740 / 7790,partial,※
6416,2024-03-01,5600,3520 / 9420 / 3220 / 5520 / 3510,3520 / 9420,3220 / 5520 / 3510,partial,△
6417,2024-03-04,5110,9920 / 3820 / 3620 / 1820 / 3720,9920 / 3820,3620 / 1820 / 3720,partial,△
6418,2024-03-05,8920,3320 / 3220 / 3420 / 1810 / 3720,3320 / 3220,3420 / 1810 / 3720,partial,△
6419,2024-03-06,4820,3420 / 3920 / 3520 / 5720 / 5220,3420 / 3920,3520 / 5720 / 5220,partial,△
6420,2024-03-07,8220,3420 / 5920 / 5320 / 3820 / 8720,3420 / 5920,5320 / 3820 / 8720,near,▲
6421,2024-03-08,7630,3420 / 8720 / 6720 / 3320 / 6820,3420 / 8720,6720 / 3320 / 6820,partial,△
6422,2024-03-11,4680,9620 / 9960 / 7920 / 5920 / 6820,9620 / 9960,7920 / 5920 / 6820,partial,△
6423,2024-03-12,1460,3920 / 8620 / 5820 / 3820 / 8940,3920 / 8620,5820 / 3820 / 8940,partial,△
6424,2024-03-13,0170,5720 / 5920 / 5820 / 8420 / 1420,5720 / 5920,5820 / 8420 / 1420,partial,△
6425,2024-03-14,5990,7820 / 7220 / 5920 / 8920 / 7320,7820 / 7220,5920 / 8920 / 7320,near,▲
6426,2024-03-15,9880,3790 / 1790 / 3220 / 3420 / 3490,3790 / 1790,3220 / 3420 / 3490,partial,△
6427,2024-03-18,0040,7820 / 3420 / 7720 / 7220 / 5820,7820 / 3420,7720 / 7220 / 5820,partial,△
6428,2024-03-19,9610,3920 / 7720 / 5820 / 8820 / 1720,3920 / 7720,5820 / 8820 / 1720,partial,△
6429,2024-03-20,4960,7820 / 3920 / 7720 / 7120 / 7950,7820 / 3920,7720 / 7120 / 7950,partial,△
6430,2024-03-21,2370,3720 / 8220 / 3220 / 5620 / 5920,3720 / 8220,3220 / 5620 / 5920,box,〇
6431,2024-03-22,4850,9820 / 5320 / 9420 / 5420 / 3360,9820 / 5320,9420 / 5420 / 3360,partial,△
6432,2024-03-25,2240,3490 / 8420 / 5890 / 8990 / 5410,3490 / 8420,5890 / 8990 / 5410,partial,△
6433,2024-03-26,8140,5720 / 3720 / 9420 / 3420 / 4420,5720 / 3720,9420 / 3420 / 4420,partial,△
6434,2024-03-27,3600,3220 / 3720 / 3520 / 8820 / 6820,3220 / 3720,3520 / 8820 / 6820,partial,△
6435,2024-03-28,9180,5920 / 3620 / 1620 / 1910 / 6820,5920 / 3620,1620 / 1910 / 6820,partial,△
6436,2024-03-29,3990,7220 / 5820 / 7720 / 5220 / 7440,7220 / 5820,7720 / 5220 / 7440,partial,※
6437,2024-04-01,4890,5720 / 6720 / 3220 / 8720 / 1420,5720 / 6720,3220 / 8720 / 1420,partial,△
6438,2024-04-02,5910,8420 / 8490 / 5820 / 5990 / 3990,8420 / 8490,5820 / 5990 / 3990,near,▲
6439,2024-04-03,6400,3220 / 9720 / 3420 / 3710 / 7220,3220 / 9720,3420 / 3710 / 7220,partial,△
6440,2024-04-04,2800,3820 / 5420 / 8820 / 3220 / 1420,3820 / 5420,8820 / 3220 / 1420,partial,△
6441,2024-04-05,3640,5420 / 9820 / 3820 / 3410 / 3320,5420 / 9820,3820 / 3410 / 3320,partial,△
6442,2024-04-08,7430,5920 / 3820 / 6620 / 8920 / 3910,5920 / 3820,6620 / 8920 / 3910,partial,△
6443,2024-04-09,0020,3420 / 3820 / 3920 / 9460 / 9220,3420 / 3820,3920 / 9460 / 9220,partial,△
6444,2024-04-10,1700,7920 / 5820 / 7820 / 8820 / 3320,7920 / 5820,7820 / 8820 / 3320,partial,△
6445,2024-04-11,5180,3920 / 5720 / 3720 / 3320 / 3620,3920 / 5720,3720 / 3320 / 3620,partial,△
6446,2024-04-12,1580,5920 / 9920 / 3220 / 3320 / 3620,5920 / 9920,3220 / 3320 / 3620,partial,△
6447,2024-04-15,5970,5520 / 3520 / 5440 / 3920 / 7420,5520 / 3520,5440 / 3920 / 7420,partial,△
6448,2024-04-16,8450,1720 / 3420 / 3620 / 9720 / 1420,1720 / 3420,3620 / 9720 / 1420,partial,△
6449,2024-04-17,5630,3890 / 3920 / 3440 / 3290 / 3840,3890 / 3920,3440 / 3290 / 3840,partial,△
6450,2024-04-18,6900,1920 / 5620 / 7920 / 1620 / 1820,1920 / 5620,7920 / 1620 / 1820,partial,△
6451,2024-04-19,2070,3220 / 3710 / 3320 / 5420 / 8220,3220 / 3710,3320 / 5420 / 8220,partial,△
6452,2024-04-22,4590,9920 / 9940 / 5620 / 3820 / 5950,9920 / 9940,5620 / 3820 / 5950,partial,△
6453,2024-04-23,3190,5520 / 5920 / 3420 / 3490 / 5620,5520 / 5920,3420 / 3490 / 5620,near,▲
6454,2024-04-24,8740,5990 / 6990 / 1920 / 3890 / 1890,5990 / 6990,1920 / 3890 / 1890,partial,△
6455,2024-04-25,1180,3720 / 5520 / 3220 / 3120 / 6520,3720 / 5520,3220 / 3120 / 6520,partial,△
6456,2024-04-26,2100,5820 / 3820 / 5940 / 5320 / 5440,5820 / 3820,5940 / 5320 / 5440,partial,△
6457,2024-04-29,0400,9920 / 5220 / 5420 / 3220 / 5620,9920 / 5220,5420 / 3220 / 5620,partial,△
6458,2024-04-30,2750,3420 / 3920 / 7920 / 5820 / 1420,3420 / 3920,7920 / 5820 / 1420,partial,△
6459,2024-05-01,1350,3990 / 9990 / 5520 / 5790 / 5510,3990 / 9990,5520 / 5790 / 5510,partial,△
6460,2024-05-02,9870,5890 / 5990 / 3490 / 3990 / 8390,5890 / 5990,3490 / 3990 / 8390,partial,△
6461,2024-05-03,3230,7440 / 7620 / 7820 / 4420 / 7220,7440 / 7620,7820 / 4420 / 7220,partial,△
6462,2024-05-06,1000,3420 / 1720 / 1820 / 5420 / 3860,3420 / 1720,1820 / 5420 / 3860,partial,△
6463,2024-05-07,3600,5910 / 5820 / 5720 / 8920 / 5120,5910 / 5820,5720 / 8920 / 5120,partial,※
6464,2024-05-08,3610,5920 / 1620 / 3910 / 5620 / 1820,5920 / 1620,3910 / 5620 / 1820,near,▲
6465,2024-05-09,5930,1920 / 5620 / 6620 / 6920 / 5910,1920 / 5620,6620 / 6920 / 5910,near,▲
6466,2024-05-10,9650,3420 / 3320 / 1720 / 5620 / 1620,3420 / 3320,1720 / 5620 / 1620,partial,△
6467,2024-05-13,0640,7690 / 3690 / 7920 / 7620 / 7610,7690 / 3690,7920 / 7620 / 7610,partial,△
6468,2024-05-14,1670,5620 / 7620 / 8920 / 1920 / 3120,5620 / 7620,8920 / 1920 / 3120,partial,△
6469,2024-05-15,9650,5920 / 3640 / 5660 / 3660 / 5980,5920 / 3640,5660 / 3660 / 5980,partial,△
6470,2024-05-16,8770,5690 / 3990 / 7620 / 7610 / 7640,5690 / 3990,7620 / 7610 / 7640,partial,△
6471,2024-05-17,3800,3620 / 3540 / 3550 / 3560 / 3660,3620 / 3540,3550 / 3560 / 3660,partial,△
6472,2024-05-20,5880,5420 / 5620 / 3920 / 3820 / 5410,5420 / 5620,3920 / 3820 / 5410,partial,△
6473,2024-05-21,6770,5420 / 3920 / 1420 / 9420 / 7620,5420 / 3920,1420 / 9420 / 7620,partial,△
6474,2024-05-22,0060,3620 / 3320 / 3540 / 5920 / 5620,3620 / 3320,3540 / 5920 / 5620,partial,△
6475,2024-05-23,6560,5620 / 7620 / 5820 / 5720 / 8820,5620 / 7620,5820 / 5720 / 8820,partial,△
6476,2024-05-24,2010,3520 / 5420 / 3820 / 3720 / 1420,3520 / 5420,3820 / 3720 / 1420,partial,△
6477,2024-05-27,7370,3620 / 9620 / 3820 / 5820 / 9820,3620 / 9620,3820 / 5820 / 9820,partial,△
6478,2024-05-28,6180,3320 / 5320 / 7820 / 6820 / 3860,3320 / 5320,7820 / 6820 / 3860,partial,△
6479,2024-05-29,6440,3620 / 3320 / 5820 / 3720 / 3520,3620 / 3320,5820 / 3720 / 3520,partial,△
6480,2024-05-30,7820,3720 / 5720 / 5820 / 3220 / 8720,3720 / 5720,5820 / 3220 / 8720,box,〇
6481,2024-05-31,4690,5420 / 6420 / 7420 / 9920 / 3320,5420 / 6420,7420 / 9920 / 3320,partial,△
6482,2024-06-03,9470,5990 / 3620 / 3990 / 8690 / 5640,5990 / 3620,3990 / 8690 / 5640,partial,△
6483,2024-06-04,9300,7820 / 7440 / 5820 / 3420 / 7460,7820 / 7440,5820 / 3420 / 7460,partial,△
6484,2024-06-05,6560,5820 / 3820 / 3320 / 7420 / 3810,5820 / 3820,3320 / 7420 / 3810,partial,△
6485,2024-06-06,3840,3520 / 3820 / 5520 / 8420 / 5220,3520 / 3820,5520 / 8420 / 5220,near,▲
6486,2024-06-07,1430,3620 / 1420 / 6620 / 1620 / 6820,3620 / 1420,6620 / 1620 / 6820,near,▲
6487,2024-06-10,3480,3420 / 5920 / 3720 / 5460 / 5220,3420 / 5920,3720 / 5460 / 5220,near,▲
6488,2024-06-11,4000,1420 / 5820 / 3720 / 1820 / 1440,1420 / 5820,3720 / 1820 / 1440,partial,△
6489,2024-06-12,0110,5820 / 5610 / 5910 / 3820 / 3720,5820 / 5610,5910 / 3820 / 3720,partial,△
6490,2024-06-13,6910,5420 / 3920 / 5620 / 8820 / 3320,5420 / 3920,5620 / 8820 / 3320,partial,△
6491,2024-06-14,5050,3420 / 3220 / 3320 / 3820 / 8720,3420 / 3220,3320 / 3820 / 8720,partial,※
6492,2024-06-17,6400,3690 / 3890 / 9990 / 7990 / 3620,3690 / 3890,9990 / 7990 / 3620,partial,△
6493,2024-06-18,0450,3820 / 3920 / 3810 / 5820 / 1420,3820 / 3920,3810 / 5820 / 1420,partial,△
6494,2024-06-19,6460,7490 / 1490 / 5420 / 3890 / 5440,7490 / 1490,5420 / 3890 / 5440,partial,△
6495,2024-06-20,3220,3820 / 3410 / 8420 / 1420 / 3460,3820 / 3410,8420 / 1420 / 3460,near,▲
6496,2024-06-21,5930,3720 / 6420 / 5720 / 6820 / 5620,3720 / 6420,5720 / 6820 / 5620,partial,△
6497,2024-06-24,0490,3620 / 3220 / 5620 / 3820 / 3760,3620 / 3220,5620 / 3820 / 3760,partial,※
6498,2024-06-25,3370,5490 / 7490 / 1420 / 1490 / 5890,5490 / 7490,1420 / 1490 / 5890,partial,△
6499,2024-06-26,5560,5820 / 3420 / 5320 / 5420 / 3860,5820 / 3420,5320 / 5420 / 3860,partial,△
6500,2024-06-27,5520,9420 / 3520 / 3820 / 6420 / 3480,9420 / 3520,3820 / 6420 / 3480,near,▲
6501,2024-06-28,2850,9420 / 7420 / 5520 / 3920 / 5620,9420 / 7420,5520 / 3920 / 5620,partial,△
6502,2024-07-01,8360,5490 / 6490 / 4490 / 9420 / 9410,5490 / 6490,4490 / 9420 / 9410,partial,△
6503,2024-07-02,2400,3420 / 3810 / 3720 / 3390 / 3340,3420 / 3810,3720 / 3390 / 3340,partial,△
6504,2024-07-03,8960,9420 / 9410 / 3820 / 3720 / 5920,9420 / 9410,3820 / 3720 / 5920,partial,△
6505,2024-07-04,3650,3620 / 3220 / 3920 / 3520 / 3120,3620 / 3220,3920 / 3520 / 3120,near,▲
6506,2024-07-05,7150,3690 / 6690 / 6990 / 3890 / 8990,3690 / 6690,6990 / 3890 / 8990,partial,※
6507,2024-07-08,2080,3490 / 3890 / 3390 / 6490 / 5890,3490 / 3890,3390 / 6490 / 5890,partial,△
6508,2024-07-09,1080,5920 / 3320 / 5620 / 5820 / 3960,5920 / 3320,5620 / 5820 / 3960,partial,△
6509,2024-07-10,1320,3820 / 5620 / 3320 / 5720 / 7920,3820 / 5620,3320 / 5720 / 7920,near,▲
6510,2024-07-11,2090,5820 / 5420 / 5520 / 3720 / 7820,5820 / 5420,5520 / 3720 / 7820,partial,△
6511,2024-07-12,3450,5990 / 3820 / 3620 / 3320 / 5690,5990 / 3820,3620 / 3320 / 5690,partial,△
6512,2024-07-15,0230,1490 / 3990 / 3890 / 5420 / 6420,1490 / 3990,3890 / 5420 / 6420,partial,△
6513,2024-07-16,4870,3720 / 3460 / 5720 / 5820 / 7460,3720 / 3460,5720 / 5820 / 7460,partial,△
6514,2024-07-17,7100,5450 / 5440 / 3440 / 8420 / 3470,5450 / 5440,3440 / 8420 / 3470,partial,△
6515,2024-07-18,2320,9920 / 6420 / 9820 / 3320 / 3810,9920 / 6420,9820 / 3320 / 3810,near,▲
6516,2024-07-19,0440,3420 / 5420 / 9320 / 9420 / 3620,3420 / 5420,9320 / 9420 / 3620,partial,△
6517,2024-07-22,2820,7420 / 3820 / 5820 / 3720 / 5410,7420 / 3820,5820 / 3720 / 5410,near,▲
6518,2024-07-23,8270,9420 / 3820 / 4420 / 1420 / 9620,9420 / 3820,4420 / 1420 / 9620,partial,△
6519,2024-07-24,5330,3720 / 3450 / 3860 / 3850 / 3320,3720 / 3450,3860 / 3850 / 3320,partial,△
6520,2024-07-25,2540,3420 / 5820 / 5420 / 1820 / 7420,3420 / 5820,5420 / 1820 / 7420,box,〇
6521,2024-07-26,3870,9420 / 6420 / 3820 / 3920 / 3450,9420 / 6420,3820 / 3920 / 3450,near,▲
6522,2024-07-29,7800,1420 / 5450 / 3440 / 5440 / 1450,1420 / 5450,3440 / 5440 / 1450,partial,※
6523,2024-07-30,7870,6420 / 3410 / 9410 / 3820 / 9320,6420 / 3410,9410 / 3820 / 9320,partial,△
6524,2024-07-31,4170,6420 / 3460 / 3440 / 9460 / 3320,6420 / 3460,3440 / 9460 / 3320,partial,△
6525,2024-08-01,1180,3820 / 5320 / 3320 / 5450 / 3460,3820 / 5320,3320 / 5450 / 3460,partial,△
6526,2024-08-02,7930,5420 / 3920 / 5920 / 3220 / 7820,5420 / 3920,5920 / 3220 / 7820,partial,△
6527,2024-08-05,9510,3720 / 9720 / 5420 / 3460 / 6620,3720 / 9720,5420 / 3460 / 6620,partial,△
6528,2024-08-06,0070,7410 / 7470 / 7520 / 5450 / 3410,7410 / 7470,7520 / 5450 / 3410,partial,△
6529,2024-08-07,6240,3820 / 3320 / 5820 / 7320 / 1820,3820 / 3320,5820 / 7320 / 1820,partial,△
6530,2024-08-08,1150,3720 / 3320 / 3810 / 3220 / 1420,3720 / 3320,3810 / 3220 / 1420,partial,△
6531,2024-08-09,4240,3990 / 5890 / 5990 / 5390 / 5290,3990 / 5890,5990 / 5390 / 5290,partial,△
6532,2024-08-12,5330,5420 / 3720 / 8820 / 1820 / 6820,5420 / 3720,8820 / 1820 / 6820,partial,△
6533,2024-08-13,1670,3360 / 3860 / 5320 / 7820 / 5420,3360 / 3860,5320 / 7820 / 5420,partial,△
6534,2024-08-14,7700,3920 / 5820 / 3660 / 5650 / 5960,3920 / 5820,3660 / 5650 / 5960,partial,※
6535,2024-08-15,9660,7520 / 6520 / 3320 / 9510 / 6320,7520 / 6520,3320 / 9510 / 6320,partial,△
6536,2024-08-16,7990,7820 / 5920 / 3920 / 5820 / 9920,7820 / 5920,3920 / 5820 / 9920,partial,△
6537,2024-08-19,0570,3420 / 9620 / 9790 / 7720 / 3620,3420 / 9620,9790 / 7720 / 3620,partial,△
6538,2024-08-20,3580,5420 / 7460 / 7820 / 3440 / 7450,5420 / 7460,7820 / 3440 / 7450,partial,△
6539,2024-08-21,4120,1420 / 3520 / 3820 / 7420 / 3920,1420 / 3520,3820 / 7420 / 3920,box,〇
6540,2024-08-22,6180,5420 / 3920 / 3320 / 5220 / 3520,5420 / 3920,3320 / 5220 / 3520,partial,※
6541,2024-08-23,6040,3920 / 3620 / 5820 / 3520 / 7420,3920 / 3620,5820 / 3520 / 7420,partial,△
6542,2024-08-26,2370,3320 / 5920 / 5820 / 3420 / 1820,3320 / 5920,5820 / 3420 / 1820,partial,△
6543,2024-08-27,3900,5320 / 9820 / 3360 / 3340 / 3880,5320 / 9820,3360 / 3340 / 3880,partial,△
6544,2024-08-28,0080,6420 / 1420 / 6620 / 3620 / 5220,6420 / 1420,6620 / 3620 / 5220,partial,※
6545,2024-08-29,4910,5920 / 7320 / 3820 / 7620 / 6920,5920 / 7320,3820 / 7620 / 6920,partial,△
6546,2024-08-30,9090,5720 / 5320 / 3320 / 5820 / 8420,5720 / 5320,3320 / 5820 / 8420,partial,※
6547,2024-09-02,2050,7820 / 7720 / 7890 / 3920 / 3320,7820 / 7720,7890 / 3920 / 3320,partial,△
6548,2024-09-03,1410,5990 / 3920 / 9890 / 3690 / 3910,5990 / 3920,9890 / 3690 / 3910,partial,△
6549,2024-09-04,8280,3820 / 7420 / 3410 / 3450 / 7820,3820 / 7420,3410 / 3450 / 7820,partial,△
6550,2024-09-05,9100,3720 / 3840 / 3220 / 3860 / 5420,3720 / 3840,3220 / 3860 / 5420,partial,※
6551,2024-09-06,8890,7920 / 7410 / 7810 / 7310 / 5920,7920 / 7410,7810 / 7310 / 5920,partial,△
6552,2024-09-09,7050,3820 / 3390 / 3440 / 3480 / 3470,3820 / 3390,3440 / 3480 / 3470,partial,△
6553,2024-09-10,7400,7990 / 9890 / 3390 / 5990 / 9790,7990 / 9890,3390 / 5990 / 9790,partial,△
6554,2024-09-11,8350,3420 / 7410 / 9820 / 9920 / 7720,3420 / 7410,9820 / 9920 / 7720,partial,△
6555,2024-09-12,1300,3490 / 3820 / 3340 / 3350 / 3360,3490 / 3820,3340 / 3350 / 3360,partial,△
6556,2024-09-13,0560,3820 / 3310 / 3420 / 5310 / 5520,3820 / 3310,3420 / 5310 / 5520,partial,△
6557,2024-09-16,2320,5420 / 7820 / 5520 / 8420 / 5820,5420 / 7820,5520 / 8420 / 5820,partial,△
6558,2024-09-17,6010,3820 / 9820 / 5820 / 5420 / 9520,3820 / 9820,5820 / 5420 / 9520,partial,※
6559,2024-09-18,8480,3820 / 3950 / 3350 / 3620 / 3970,3820 / 3950,3350 / 3620 / 3970,partial,△
6560,2024-09-19,7960,3920 / 7420 / 3220 / 6420 / 4420,3920 / 7420,3220 / 6420 / 4420,partial,△
6561,2024-09-20,4110,3420 / 3320 / 7720 / 9720 / 9820,3420 / 3320,7720 / 9720 / 9820,partial,△
6562,2024-09-23,0950,3320 / 5320 / 3920 / 5450 / 8920,3320 / 5320,3920 / 5450 / 8920,partial,△
6563,2024-09-24,7940,7790 / 7420 / 5490 / 7290 / 7890,7790 / 7420,5490 / 7290 / 7890,partial,△
6564,2024-09-25,1190,3420 / 3320 / 7320 / 9220 / 7820,3420 / 3320,7320 / 9220 / 7820,partial,△
6565,2024-09-26,4880,3990 / 5990 / 5420 / 5820 / 3890,3990 / 5990,5420 / 5820 / 3890,partial,△
6566,2024-09-27,2250,8420 / 3320 / 5820 / 5920 / 5120,8420 / 3320,5820 / 5920 / 5120,partial,△
6567,2024-09-30,2110,9490 / 5890 / 3790 / 3820 / 6490,9490 / 5890,3790 / 3820 / 6490,partial,△
6568,2024-10-01,6050,9920 / 5920 / 3910 / 5820 / 9320,9920 / 5920,3910 / 5820 / 9320,partial,△
6569,2024-10-02,5630,3920 / 3910 / 3890 / 8990 / 5390,3920 / 3910,3890 / 8990 / 5390,partial,△
6570,2024-10-03,2990,1920 / 3960 / 7960 / 7620 / 5960,1920 / 3960,7960 / 7620 / 5960,partial,△
6571,2024-10-04,7840,3490 / 9420 / 9490 / 5490 / 3290,3490 / 9420,9490 / 5490 / 3290,partial,△
6572,2024-10-07,8120,3420 / 7320 / 7820 / 9320 / 7120,3420 / 7320,7820 / 9320 / 7120,near,▲
6573,2024-10-08,9030,3320 / 7920 / 7820 / 7420 / 7220,3320 / 7920,7820 / 7420 / 7220,partial,△
6574,2024-10-09,3190,7820 / 7620 / 7720 / 7360 / 7950,7820 / 7620,7720 / 7360 / 7950,partial,△
6575,2024-10-10,9460,1990 / 5920 / 5990 / 1820 / 1890,1990 / 5920,5990 / 1820 / 1890,partial,△
6576,2024-10-11,1260,7920 / 5420 / 7410 / 7490 / 7990,7920 / 5420,7410 / 7490 / 7990,partial,△
6577,2024-10-14,6610,5420 / 7420 / 7720 / 3720 / 7320,5420 / 7420,7720 / 3720 / 7320,partial,※
6578,2024-10-15,6670,3910 / 3820 / 5920 / 1920 / 7910,3910 / 3820,5920 / 1920 / 7910,partial,△
6579,2024-10-16,4070,7920 / 3820 / 3950 / 8920 / 3650,7920 / 3820,3950 / 8920 / 3650,partial,△
6580,2024-10-17,0040,8920 / 3320 / 5950 / 5960 / 3960,8920 / 3320,5950 / 5960 / 3960,partial,※
6581,2024-10-18,9210,7820 / 5920 / 7720 / 1920 / 8820,7820 / 5920,7720 / 1920 / 8820,box,〇
6582,2024-10-21,5460,7720 / 7410 / 7450 / 7870 / 3820,7720 / 7410,7450 / 7870 / 3820,partial,△
6583,2024-10-22,1780,1420 / 5420 / 3820 / 3920 / 9820,1420 / 5420,3820 / 3920 / 9820,partial,△
6584,2024-10-23,6650,7520 / 3320 / 7920 / 7320 / 3220,7520 / 3320,7920 / 7320 / 3220,partial,△
6585,2024-10-24,4280,7990 / 3920 / 3910 / 3190 / 3610,7990 / 3920,3910 / 3190 / 3610,partial,△
6586,2024-10-25,6750,3820 / 3420 / 8420 / 5220 / 5320,3820 / 3420,8420 / 5220 / 5320,partial,△
6587,2024-10-28,4050,3390 / 1590 / 3190 / 3790 / 3320,3390 / 1590,3190 / 3790 / 3320,partial,△
6588,2024-10-29,9950,8990 / 5890 / 1990 / 5910 / 3920,8990 / 5890,1990 / 5910 / 3920,partial,△
6589,2024-10-30,1330,7290 / 7890 / 7990 / 7710 / 7450,7290 / 7890,7990 / 7710 / 7450,partial,△
6590,2024-10-31,0590,7320 / 3360 / 7820 / 3310 / 3860,7320 / 3360,7820 / 3310 / 3860,partial,※
6591,2024-11-01,7090,7520 / 7990 / 7820 / 7120 / 5490,7520 / 7990,7820 / 7120 / 5490,near,▲
6592,2024-11-04,4120,7990 / 9390 / 3990 / 9890 / 7320,7990 / 9390,3990 / 9890 / 7320,partial,△
6593,2024-11-05,6670,3920 / 5220 / 8820 / 8920 / 1920,3920 / 5220,8820 / 8920 / 1920,partial,※
6594,2024-11-06,1430,7920 / 3950 / 1920 / 8920 / 3640,7920 / 3950,1920 / 8920 / 3640,partial,△
6595,2024-11-07,3130,7420 / 3920 / 3820 / 7920 / 5220,7420 / 3920,3820 / 7920 / 5220,partial,△
6596,2024-11-08,8880,1820 / 5920 / 1420 / 3820 / 1960,1820 / 5920,1420 / 3820 / 1960,partial,△
6597,2024-11-11,3690,3820 / 3120 / 3220 / 7420 / 1420,3820 / 3120,3220 / 7420 / 1420,partial,△
6598,2024-11-12,2060,3990 / 6690 / 6920 / 7990 / 8990,3990 / 6690,6920 / 7990 / 8990,partial,△
6599,2024-11-13,0050,5920 / 3820 / 9320 / 4920 / 9120,5920 / 3820,9320 / 4920 / 9120,partial,△
6600,2024-11-14,9520,1990 / 7890 / 7690 / 7190 / 3890,1990 / 7890,7690 / 7190 / 3890,partial,△
6601,2024-11-15,6310,7120 / 7920 / 7620 / 7320 / 7410,7120 / 7920,7620 / 7320 / 7410,partial,△
6602,2024-11-18,7300,3310 / 7320 / 3810 / 3370 / 1350,3310 / 7320,3810 / 3370 / 1350,near,▲
6603,2024-11-19,0880,7320 / 3320 / 7310 / 9810 / 9410,7320 / 3320,7310 / 9810 / 9410,partial,△
6604,2024-11-20,6490,3420 / 7820 / 7920 / 5420 / 7720,3420 / 7820,7920 / 5420 / 7720,partial,△
6605,2024-11-21,3400,3990 / 3890 / 3920 / 5490 / 5420,3990 / 3890,3920 / 5490 / 5420,partial,△
6606,2024-11-22,5320,1410 / 5420 / 7420 / 6920 / 3920,1410 / 5420,7420 / 6920 / 3920,near,▲
6607,2024-11-25,2200,1320 / 3820 / 6320 / 1820 / 5420,1320 / 3820,6320 / 1820 / 5420,partial,△
6608,2024-11-26,6530,3820 / 9720 / 5420 / 9410 / 9810,3820 / 9720,5420 / 9410 / 9810,partial,△
6609,2024-11-27,9630,3460 / 7420 / 3920 / 6420 / 3560,3460 / 7420,3920 / 6420 / 3560,partial,△
6610,2024-11-28,6400,7660 / 7610 / 7820 / 7990 / 7640,7660 / 7610,7820 / 7990 / 7640,partial,△
6611,2024-11-29,2120,7420 / 5420 / 3820 / 8420 / 5410,7420 / 5420,3820 / 8420 / 5410,partial,△
6612,2024-12-02,9200,3920 / 9820 / 3820 / 6920 / 5820,3920 / 9820,3820 / 6920 / 5820,partial,△
6613,2024-12-03,9780,7820 / 7810 / 7220 / 7620 / 6820,7820 / 7810,7220 / 7620 / 6820,partial,△
6614,2024-12-04,0000,7320 / 7220 / 7620 / 7420 / 9920,7320 / 7220,7620 / 7420 / 9920,partial,※
6615,2024-12-05,2530,3920 / 5920 / 7820 / 3320 / 7420,3920 / 5920,7820 / 3320 / 7420,partial,△
6616,2024-12-06,9390,6420 / 9410 / 9460 / 9920 / 6460,6420 / 9410,9460 / 9920 / 6460,partial,△
6617,2024-12-09,6170,7820 / 7490 / 7310 / 3320 / 5320,7820 / 7490,7310 / 3320 / 5320,partial,△
6618,2024-12-10,2590,3920 / 3880 / 3380 / 6420 / 3460,3920 / 3880,3380 / 6420 / 3460,partial,△
6619,2024-12-11,2170,3490 / 9190 / 3420 / 9520 / 9390,3490 / 9190,3420 / 9520 / 9390,partial,△
6620,2024-12-12,1050,9820 / 3320 / 3420 / 6420 / 9960,9820 / 3320,3420 / 6420 / 9960,partial,※
6621,2024-12-13,1990,3390 / 3690 / 3890 / 5690 / 3920,3390 / 3690,3890 / 5690 / 3920,partial,△
6622,2024-12-16,4240,5490 / 5420 / 5790 / 3320 / 5690,5490 / 5420,5790 / 3320 / 5690,partial,△
6623,2024-12-17,5960,5820 / 3820 / 8820 / 6420 / 1820,5820 / 3820,8820 / 6420 / 1820,partial,△
6624,2024-12-18,4980,3420 / 9220 / 3320 / 1220 / 1320,3420 / 9220,3320 / 1220 / 1320,partial,△
6625,2024-12-19,2140,5220 / 5620 / 8420 / 3720 / 6220,5220 / 5620,8420 / 3720 / 6220,partial,△
6626,2024-12-20,5800,9820 / 3920 / 3420 / 3820 / 6220,9820 / 3920,3420 / 3820 / 6220,partial,△
6627,2024-12-23,8920,3420 / 6420 / 1410 / 3410 / 9320,3420 / 6420,1410 / 3410 / 9320,partial,△
6628,2024-12-24,2310,3720 / 3820 / 3120 / 3520 / 6320,3720 / 3820,3120 / 3520 / 6320,box,〇
6629,2024-12-25,4740,9350 / 6320 / 9310 / 5350 / 9810,9350 / 6320,9310 / 5350 / 9810,partial,※
6630,2024-12-26,1190,5320 / 6520 / 3320 / 3920 / 1520,5320 / 6520,3320 / 3920 / 1520,partial,△
6631,2024-12-27,3860,5890 / 5490 / 5390 / 5820 / 3420,5890 / 5490,5390 / 5820 / 3420,partial,△
6632,2024-12-30,9830,5420 / 4420 / 6320 / 8420 / 1920,5420 / 4420,6320 / 8420 / 1920,partial,△
6633,2025-01-06,6850,7820 / 7440 / 5420 / 7120 / 6460,7820 / 7440,5420 / 7120 / 6460,partial,△
6634,2025-01-07,7540,3890 / 6490 / 3990 / 3420 / 1890,3890 / 6490,3990 / 3420 / 1890,partial,△
6635,2025-01-08,7860,6420 / 9820 / 9220 / 6520 / 3520,6420 / 9820,9220 / 6520 / 3520,partial,△
6636,2025-01-09,8020,7420 / 3420 / 9320 / 6820 / 9410,7420 / 3420,9320 / 6820 / 9410,partial,△
6637,2025-01-10,5990,3820 / 3720 / 3120 / 7920 / 9820,3820 / 3720,3120 / 7920 / 9820,partial,△
6638,2025-01-13,5830,3490 / 3790 / 1490 / 7720 / 9290,3490 / 3790,1490 / 7720 / 9290,partial,△
6639,2025-01-14,1350,5420 / 6420 / 3820 / 1820 / 6460,5420 / 6420,3820 / 1820 / 6460,partial,△
6640,2025-01-15,3660,5890 / 7890 / 5490 / 3490 / 4890,5890 / 7890,5490 / 3490 / 4890,partial,△
6641,2025-01-16,3240,6620 / 5620 / 1620 / 3620 / 4920,6620 / 5620,1620 / 3620 / 4920,partial,△
6642,2025-01-17,7740,3820 / 6420 / 1720 / 3720 / 4820,3820 / 6420,1720 / 3720 / 4820,partial,△
6643,2025-01-20,4090,6520 / 3520 / 9720 / 9120 / 7720,6520 / 3520,9720 / 9120 / 7720,partial,△
6644,2025-01-21,2590,5920 / 3920 / 5820 / 8990 / 5620,5920 / 3920,5820 / 8990 / 5620,box,〇
6645,2025-01-22,3850,9890 / 5490 / 9420 / 3590 / 3190,9890 / 5490,9420 / 3590 / 3190,partial,△
6646,2025-01-23,4200,1490 / 3890 / 1890 / 3390 / 1390,1490 / 3890,1890 / 3390 / 1390,partial,△
6647,2025-01-24,3150,3820 / 8820 / 3420 / 6820 / 6420,3820 / 8820,3420 / 6820 / 6420,partial,△
6648,2025-01-27,2400,1890 / 6990 / 1990 / 3390 / 5490,1890 / 6990,1990 / 3390 / 5490,partial,△
6649,2025-01-28,8930,3820 / 9920 / 3720 / 5820 / 9410,3820 / 9920,3720 / 5820 / 9410,partial,△
6650,2025-01-29,5900,3320 / 3620 / 3760 / 3360 / 3790,3320 / 3620,3760 / 3360 / 3790,partial,△
6651,2025-01-30,4000,3320 / 3820 / 1720 / 1420 / 5220,3320 / 3820,1720 / 1420 / 5220,partial,△
6652,2025-01-31,5960,5820 / 3320 / 8920 / 5910 / 3720,5820 / 3320,8920 / 5910 / 3720,near,▲
6653,2025-02-03,2350,3420 / 5720 / 1720 / 5420 / 7420,3420 / 5720,1720 / 5420 / 7420,partial,△
6654,2025-02-04,8270,9890 / 5890 / 6390 / 3490 / 3990,9890 / 5890,6390 / 3490 / 3990,partial,△
6655,2025-02-05,3170,3420 / 3760 / 3840 / 3440 / 3790,3420 / 3760,3840 / 3440 / 3790,partial,△
6656,2025-02-06,8530,5820 / 6920 / 5920 / 3320 / 6420,5820 / 6920,5920 / 3320 / 6420,partial,△
6657,2025-02-07,8810,3820 / 3220 / 3120 / 3440 / 3550,3820 / 3220,3120 / 3440 / 3550,partial,△
6658,2025-02-10,8590,3820 / 3410 / 3920 / 3220 / 3650,3820 / 3410,3920 / 3220 / 3650,partial,△
6659,2025-02-11,9420,3890 / 3820 / 3520 / 3290 / 3440,3890 / 3820,3520 / 3290 / 3440,partial,△
6660,2025-02-12,3430,7720 / 7220 / 3420 / 4420 / 8420,7720 / 7220,3420 / 4420 / 8420,near,▲
6661,2025-02-13,9460,6420 / 3460 / 5820 / 6460 / 7420,6420 / 3460,5820 / 6460 / 7420,near,▲
6662,2025-02-14,2730,3420 / 7920 / 4420 / 7220 / 7410,3420 / 7920,4420 / 7220 / 7410,partial,△
6663,2025-02-17,7440,5520 / 9920 / 3320 / 5560 / 3360,5520 / 9920,3320 / 5560 / 3360,partial,※
6664,2025-02-18,3850,7420 / 9820 / 9720 / 5420 / 7920,7420 / 9820,9720 / 5420 / 7920,partial,△
6665,2025-02-19,2650,1490 / 3390 / 8490 / 5890 / 5990,1490 / 3390,8490 / 5890 / 5990,partial,△
6666,2025-02-20,8900,5990 / 9890 / 9690 / 3190 / 3950,5990 / 9890,9690 / 3190 / 3950,partial,△
6667,2025-02-21,3980,3720 / 3620 / 3920 / 3120 / 3460,3720 / 3620,3920 / 3120 / 3460,near,▲
6668,2025-02-24,0260,3720 / 5420 / 3920 / 6420 / 3520,3720 / 5420,3920 / 6420 / 3520,partial,△
6669,2025-02-25,3780,7720 / 3720 / 5820 / 5420 / 3890,7720 / 3720,5820 / 5420 / 3890,near,▲
6670,2025-02-26,6640,3920 / 1520 / 5920 / 8520 / 3220,3920 / 1520,5920 / 8520 / 3220,partial,※
6671,2025-02-27,8390,3820 / 8920 / 3950 / 7920 / 3520,3820 / 8920,3950 / 7920 / 3520,partial,△
6672,2025-02-28,9680,3320 / 3420 / 3590 / 3520 / 3790,3320 / 3420,3590 / 3520 / 3790,partial,△
6673,2025-03-03,1700,7620 / 7940 / 3620 / 9920 / 4920,7620 / 7940,3620 / 9920 / 4920,partial,△
6674,2025-03-04,3180,3920 / 5920 / 3510 / 3550 / 3910,3920 / 5920,3510 / 3550 / 3910,partial,△
6675,2025-03-05,1940,3420 / 6820 / 1820 / 8820 / 6420,3420 / 6820,1820 / 8820 / 6420,partial,△
6676,2025-03-06,7810,3320 / 3920 / 3620 / 5420 / 5920,3320 / 3920,3620 / 5420 / 5920,partial,※
6677,2025-03-07,9480,9450 / 3820 / 9820 / 6420 / 3850,9450 / 3820,9820 / 6420 / 3850,near,▲
6678,2025-03-10,2560,7820 / 7920 / 5420 / 3440 / 5440,7820 / 7920,5420 / 3440 / 5440,partial,△
6679,2025-03-11,2610,3820 / 3920 / 9520 / 9920 / 3490,3820 / 3920,9520 / 9920 / 3490,partial,△
6680,2025-03-12,2000,3950 / 5920 / 3620 / 3820 / 3940,3950 / 5920,3620 / 3820 / 3940,partial,△
6681,2025-03-13,3840,3910 / 3320 / 9910 / 3720 / 3810,3910 / 3320,9910 / 3720 / 3810,near,▲
6682,2025-03-14,8530,3820 / 8420 / 3920 / 7420 / 3460,3820 / 8420,3920 / 7420 / 3460,partial,△
6683,2025-03-17,0060,3820 / 3860 / 3560 / 3410 / 3450,3820 / 3860,3560 / 3410 / 3450,partial,△
6684,2025-03-18,8430,5920 / 7820 / 3990 / 1920 / 3930,5920 / 7820,3990 / 1920 / 3930,partial,△
6685,2025-03-19,0870,3440 / 3860 / 3960 / 3410 / 3430,3440 / 3860,3960 / 3410 / 3430,partial,△
6686,2025-03-20,5550,3440 / 5420 / 3820 / 8420 / 3840,3440 / 5420,3820 / 8420 / 3840,partial,△
6687,2025-03-21,4310,3890 / 1490 / 5490 / 5590 / 3290,3890 / 1490,5490 / 5590 / 3290,partial,△
6688,2025-03-24,4880,5850 / 3850 / 5320 / 3350 / 5420,5850 / 3850,5320 / 3350 / 5420,partial,△
6689,2025-03-25,1910,5440 / 8420 / 5820 / 8440 / 5620,5440 / 8420,5820 / 8440 / 5620,partial,※
6690,2025-03-26,3970,3820 / 3220 / 3450 / 3850 / 3620,3820 / 3220,3450 / 3850 / 3620,partial,△
6691,2025-03-27,7450,3420 / 3740 / 3760 / 3220 / 3340,3420 / 3740,3760 / 3220 / 3340,partial,△
6692,2025-03-28,1850,9890 / 9990 / 7490 / 7990 / 7790,9890 / 9990,7490 / 7990 / 7790,partial,△
6693,2025-03-31,2210,3990 / 3440 / 3450 / 5890 / 3820,3990 / 3440,3450 / 5890 / 3820,partial,△
6694,2025-04-01,6710,3810 / 3420 / 3450 / 5850 / 3770,3810 / 3420,3450 / 5850 / 3770,partial,△
6695,2025-04-02,6950,3510 / 3910 / 3320 / 3820 / 5520,3510 / 3910,3320 / 3820 / 5520,partial,△
6696,2025-04-03,8920,3990 / 3290 / 3690 / 3710 / 3910,3990 / 3290,3690 / 3710 / 3910,partial,△
6697,2025-04-04,7210,3820 / 3220 / 3620 / 3120 / 3750,3820 / 3220,3620 / 3120 / 3750,partial,△
6698,2025-04-07,0780,3810 / 9850 / 3720 / 3710 / 7810,3810 / 9850,3720 / 3710 / 7810,partial,△
6699,2025-04-08,4170,3520 / 3940 / 5920 / 3540 / 3960,3520 / 3940,5920 / 3540 / 3960,partial,△
6700,2025-04-09,0130,5950 / 5820 / 3950 / 8820 / 5860,5950 / 5820,3950 / 8820 / 5860,partial,△
6701,2025-04-10,8560,3960 / 7820 / 7960 / 3910 / 3840,3960 / 7820,7960 / 3910 / 3840,partial,△
6702,2025-04-11,0110,3920 / 3410 / 3810 / 3440 / 3880,3920 / 3410,3810 / 3440 / 3880,partial,△
6703,2025-04-14,8200,3810 / 3950 / 7820 / 7810 / 5950,3810 / 3950,7820 / 7810 / 5950,partial,△
6704,2025-04-15,1660,3810 / 3410 / 3850 / 3860 / 3910,3810 / 3410,3850 / 3860 / 3910,partial,△
6705,2025-04-16,5550,3910 / 3990 / 7920 / 3960 / 3610,3910 / 3990,7920 / 3960 / 3610,partial,※
6706,2025-04-17,8420,3590 / 1490 / 3810 / 5490 / 7890,3590 / 1490,3810 / 5490 / 7890,partial,△
6707,2025-04-18,8110,3920 / 3410 / 3810 / 8420 / 3480,3920 / 3410,3810 / 8420 / 3480,partial,△
6708,2025-04-21,8340,3850 / 3950 / 3450 / 3410 / 3210,3850 / 3950,3450 / 3410 / 3210,partial,△
6709,2025-04-22,6970,3810 / 3310 / 3860 / 3350 / 3410,3810 / 3310,3860 / 3350 / 3410,partial,△
6710,2025-04-23,0590,3450 / 3820 / 3750 / 3760 / 3360,3450 / 3820,3750 / 3760 / 3360,partial,△
6711,2025-04-24,6860,7420 / 8490 / 3820 / 8820 / 7590,7420 / 8490,3820 / 8820 / 7590,partial,△
6712,2025-04-25,0710,8420 / 8820 / 3320 / 3220 / 3490,8420 / 8820,3320 / 3220 / 3490,partial,※
6713,2025-04-28,6700,8550 / 3520 / 7520 / 8520 / 7950,8550 / 3520,7520 / 8520 / 7950,partial,△
6714,2025-04-29,4490,3920 / 3550 / 3720 / 3320 / 5510,3920 / 3550,3720 / 3320 / 5510,partial,△
6715,2025-04-30,3230,5490 / 5420 / 8890 / 8820 / 5410,5490 / 5420,8890 / 8820 / 5410,partial,△
6716,2025-05-01,9680,3710 / 3460 / 3420 / 8760 / 8710,3710 / 3460,3420 / 8760 / 8710,partial,△
6717,2025-05-02,9480,7940 / 5920 / 8920 / 3940 / 9920,7940 / 5920,8920 / 3940 / 9920,partial,△
6718,2025-05-05,3910,3420 / 7920 / 7460 / 8420 / 7410,3420 / 7920,7460 / 8420 / 7410,partial,△
6719,2025-05-06,0810,3450 / 3720 / 3220 / 8410 / 3920,3450 / 3720,3220 / 8410 / 3920,partial,△
6720,2025-05-07,9520,3420 / 7420 / 8420 / 8450 / 3470,3420 / 7420,8420 / 8450 / 3470,partial,△
6721,2025-05-08,1560,7520 / 3520 / 8420 / 7410 / 9420,7520 / 3520,8420 / 7410 / 9420,partial,△
6722,2025-05-09,8830,3410 / 5420 / 3510 / 3810 / 3430,3410 / 5420,3510 / 3810 / 3430,partial,△
6723,2025-05-12,8920,3410 / 3860 / 3810 / 3960 / 3430,3410 / 3860,3810 / 3960 / 3430,partial,△
6724,2025-05-13,5650,3220 / 3320 / 3520 / 3410 / 3310,3220 / 3320,3520 / 3410 / 3310,partial,△
6725,2025-05-14,8980,3920 / 5990 / 7990 / 8990 / 8910,3920 / 5990,7990 / 8990 / 8910,near,▲
6726,2025-05-15,3680,3920 / 3320 / 3620 / 3520 / 3710,3920 / 3320,3620 / 3520 / 3710,near,▲
6727,2025-05-16,1160,1920 / 3620 / 3940 / 7920 / 9920,1920 / 3620,3940 / 7920 / 9920,partial,△
6728,2025-05-19,6010,3420 / 3810 / 8920 / 3220 / 3930,3420 / 3810,8920 / 3220 / 3930,partial,△
6729,2025-05-20,4180,8910 / 8950 / 3810 / 1910 / 7910,8910 / 8950,3810 / 1910 / 7910,partial,△
6730,2025-05-21,7620,8820 / 3420 / 5820 / 5420 / 8940,8820 / 3420,5820 / 5420 / 8940,partial,△
6731,2025-05-22,8990,7920 / 3620 / 9910 / 1920 / 7820,7920 / 3620,9910 / 1920 / 7820,partial,△
6732,2025-05-23,7180,3490 / 3220 / 3410 / 3620 / 3890,3490 / 3220,3410 / 3620 / 3890,partial,△
6733,2025-05-26,1150,3820 / 7920 / 3420 / 6920 / 3320,3820 / 7920,3420 / 6920 / 3320,partial,※
6734,2025-05-27,6970,3890 / 3920 / 3410 / 3820 / 7990,3890 / 3920,3410 / 3820 / 7990,partial,△
6735,2025-05-28,3570,3920 / 3220 / 3820 / 3450 / 3660,3920 / 3220,3820 / 3450 / 3660,partial,△
6736,2025-05-29,7790,3520 / 3460 / 3450 / 3480 / 5420,3520 / 3460,3450 / 3480 / 5420,partial,※
6737,2025-05-30,1410,9920 / 3920 / 3990 / 9990 / 3910,9920 / 3920,3990 / 9990 / 3910,partial,△
6738,2025-06-02,8390,3450 / 3810 / 3820 / 3720 / 7420,3450 / 3810,3820 / 3720 / 7420,partial,△
6739,2025-06-03,3700,3390 / 3420 / 3310 / 3410 / 3720,3390 / 3420,3310 / 3410 / 3720,near,▲
6740,2025-06-04,9440,3510 / 1910 / 1520 / 1920 / 8910,3510 / 1910,1520 / 1920 / 8910,partial,△
6741,2025-06-05,3180,7720 / 7820 / 7910 / 3920 / 5420,7720 / 7820,7910 / 3920 / 5420,partial,△
6742,2025-06-06,5630,3820 / 3420 / 8820 / 5920 / 6420,3820 / 3420,8820 / 5920 / 6420,partial,△
6743,2025-06-09,0840,3960 / 7920 / 3620 / 1960 / 9910,3960 / 7920,3620 / 1960 / 9910,partial,※
6744,2025-06-10,1420,8420 / 7410 / 5420 / 8410 / 8480,8420 / 7410,5420 / 8410 / 8480,near,▲
6745,2025-06-11,1760,3820 / 8420 / 7420 / 3410 / 7720,3820 / 8420,7420 / 3410 / 7720,partial,△
6746,2025-06-12,6660,5520 / 3910 / 5920 / 8520 / 3580,5520 / 3910,5920 / 8520 / 3580,partial,※
6747,2025-06-13,4820,3620 / 1920 / 3980 / 3990 / 6920,3620 / 1920,3980 / 3990 / 6920,partial,△
6748,2025-06-16,3260,5420 / 8820 / 1420 / 3620 / 7420,5420 / 8820,1420 / 3620 / 7420,box,〇
6749,2025-06-17,9750,3820 / 8720 / 1820 / 1420 / 5820,3820 / 8720,1820 / 1420 / 5820,partial,△
6750,2025-06-18,5920,7510 / 3590 / 7910 / 7710 / 7190,7510 / 3590,7910 / 7710 / 7190,partial,△
6751,2025-06-19,3540,1720 / 1420 / 3620 / 3220 / 5420,1720 / 1420,3620 / 3220 / 5420,partial,△
6752,2025-06-20,1020,3520 / 8420 / 5420 / 3920 / 7420,3520 / 8420,5420 / 3920 / 7420,partial,△
6753,2025-06-23,8040,3820 / 7920 / 3620 / 3320 / 4920,3820 / 7920,3620 / 3320 / 4920,partial,△
6754,2025-06-24,3510,3820 / 3320 / 3120 / 3980 / 3940,3820 / 3320,3120 / 3980 / 3940,partial,△
6755,2025-06-25,1740,1420 / 1510 / 1520 / 3820 / 3810,1420 / 1510,1520 / 3820 / 3810,partial,△
6756,2025-06-26,6220,5520 / 8520 / 5920 / 3320 / 5720,5520 / 8520,5920 / 3320 / 5720,partial,△
6757,2025-06-27,9400,3420 / 1720 / 7720 / 5720 / 1420,3420 / 1720,7720 / 5720 / 1420,partial,△
6758,2025-06-30,7570,3420 / 7820 / 7710 / 3720 / 7220,3420 / 7820,7710 / 3720 / 7220,partial,△
6759,2025-07-01,2610,3520 / 6420 / 3820 / 9820 / 9460,3520 / 6420,3820 / 9820 / 9460,partial,△
6760,2025-07-02,0990,9920 / 3950 / 5920 / 3610 / 9620,9920 / 3950,5920 / 3610 / 9620,partial,△
6761,2025-07-03,4790,3420 / 8420 / 7790 / 3790 / 5720,3420 / 8420,7790 / 3790 / 5720,near,▲
6762,2025-07-04,4520,3920 / 5590 / 3990 / 8920 / 8510,3920 / 5590,3990 / 8920 / 8510,partial,△
6763,2025-07-07,1810,5420 / 3820 / 8520 / 8820 / 6420,5420 / 3820,8520 / 8820 / 6420,partial,△
6764,2025-07-08,9820,5420 / 3450 / 8420 / 3910 / 3720,5420 / 3450,8420 / 3910 / 3720,partial,△
6765,2025-07-09,3580,7820 / 7620 / 3820 / 7720 / 9420,7820 / 7620,3820 / 7720 / 9420,partial,△
6766,2025-07-10,7900,3520 / 1820 / 6420 / 6520 / 6820,3520 / 1820,6420 / 6520 / 6820,partial,※
6767,2025-07-11,1720,7720 / 9920 / 6720 / 3710 / 3820,7720 / 9920,6720 / 3710 / 3820,near,▲
6768,2025-07-14,2950,5520 / 8520 / 5920 / 3320 / 1520,5520 / 8520,5920 / 3320 / 1520,box,〇
6769,2025-07-15,5520,3710 / 3420 / 9790 / 9720 / 3290,3710 / 3420,9790 / 9720 / 3290,partial,△
6770,2025-07-16,0370,3920 / 1520 / 7420 / 7520 / 9520,3920 / 1520,7420 / 7520 / 9520,partial,△
6771,2025-07-17,3370,3320 / 3520 / 7520 / 3420 / 8420,3320 / 3520,7520 / 3420 / 8420,near,▲
6772,2025-07-18,4600,3320 / 6820 / 3520 / 3420 / 8320,3320 / 6820,3520 / 3420 / 8320,partial,△
6773,2025-07-21,7800,8920 / 1920 / 5620 / 5910 / 3520,8920 / 1920,5620 / 5910 / 3520,partial,△
6774,2025-07-22,7140,7420 / 3920 / 1420 / 9820 / 3320,7420 / 3920,1420 / 9820 / 3320,partial,△
6775,2025-07-23,4930,7920 / 1920 / 6920 / 3420 / 3220,7920 / 1920,6920 / 3420 / 3220,partial,△
6776,2025-07-24,9240,3420 / 3920 / 3620 / 3220 / 1720,3420 / 3920,3620 / 3220 / 1720,partial,△
6777,2025-07-25,4540,7820 / 5720 / 3420 / 6720 / 7220,7820 / 5720,3420 / 6720 / 7220,partial,△
6778,2025-07-28,7100,5520 / 3920 / 8520 / 5820 / 8920,5520 / 3920,8520 / 5820 / 8920,partial,※
6779,2025-07-29,5920,7920 / 1920 / 7820 / 6920 / 3320,7920 / 1920,7820 / 6920 / 3320,near,▲
6780,2025-07-30,1750,7720 / 3920 / 3620 / 3820 / 1620,7720 / 3920,3620 / 3820 / 1620,partial,△
6781,2025-07-31,5360,3920 / 5590 / 3510 / 3790 / 8520,3920 / 5590,3510 / 3790 / 8520,partial,△
6782,2025-08-01,4970,1820 / 3420 / 7820 / 7320 / 1920,1820 / 3420,7820 / 7320 / 1920,partial,△
6783,2025-08-04,0800,3420 / 3520 / 5520 / 3220 / 5820,3420 / 3520,5520 / 3220 / 5820,partial,△
6784,2025-08-05,0270,3920 / 5420 / 1420 / 7820 / 5820,3920 / 5420,1420 / 7820 / 5820,partial,△
6785,2025-08-06,8760,3820 / 3420 / 1720 / 7420 / 5420,3820 / 3420,1720 / 7420 / 5420,partial,△
6786,2025-08-07,8350,3720 / 3820 / 3120 / 3510 / 3590,3720 / 3820,3120 / 3510 / 3590,partial,△
6787,2025-08-08,3650,3820 / 3310 / 3520 / 3810 / 3350,3820 / 3310,3520 / 3810 / 3350,near,▲
6788,2025-08-11,0140,1990 / 6990 / 5920 / 6920 / 1620,1990 / 6990,5920 / 6920 / 1620,partial,△
6789,2025-08-12,4580,3820 / 1920 / 8920 / 8820 / 9920,3820 / 1920,8920 / 8820 / 9920,partial,△
6790,2025-08-13,5410,5520 / 5420 / 5820 / 5920 / 3320,5520 / 5420,5820 / 5920 / 3320,near,▲
6791,2025-08-14,3620,3720 / 1920 / 1720 / 7720 / 5920,3720 / 1920,1720 / 7720 / 5920,near,▲
6792,2025-08-15,1400,5920 / 7920 / 1620 / 3820 / 1120,5920 / 7920,1620 / 3820 / 1120,partial,△
6793,2025-08-18,9590,3720 / 5920 / 5720 / 3220 / 3710,3720 / 5920,5720 / 3220 / 3710,partial,△
6794,2025-08-19,2880,3420 / 7920 / 7490 / 3820 / 3490,3420 / 7920,7490 / 3820 / 3490,partial,△
6795,2025-08-20,7490,3820 / 5420 / 3320 / 3220 / 1420,3820 / 5420,3320 / 3220 / 1420,partial,△
6796,2025-08-21,8060,9920 / 3820 / 3720 / 9720 / 1920,9920 / 3820,3720 / 9720 / 1920,partial,△
6797,2025-08-22,6600,3720 / 3910 / 3120 / 3990 / 8920,3720 / 3910,3120 / 3990 / 8920,partial,※
6798,2025-08-25,4630,3820 / 8920 / 5920 / 3120 / 3610,3820 / 8920,5920 / 3120 / 3610,partial,△
6799,2025-08-26,6240,3620 / 3960 / 1920 / 5960 / 8820,3620 / 3960,1920 / 5960 / 8820,partial,△
6800,2025-08-27,6940,3420 / 1720 / 5720 / 3520 / 3710,3420 / 1720,5720 / 3520 / 3710,partial,△
6801,2025-08-28,7740,3420 / 3220 / 3820 / 7720 / 1620,3420 / 3220,3820 / 7720 / 1620,near,▲
6802,2025-08-29,9290,9520 / 7920 / 1520 / 6520 / 5920,9520 / 7920,1520 / 6520 / 5920,partial,△
6803,2025-09-01,5490,3720 / 5720 / 7710 / 7740 / 6720,3720 / 5720,7710 / 7740 / 6720,partial,△
6804,2025-09-02,5380,3720 / 1420 / 3990 / 3790 / 1820,3720 / 1420,3990 / 3790 / 1820,partial,△
6805,2025-09-03,5980,1820 / 7320 / 3520 / 3920 / 3840,1820 / 7320,3520 / 3920 / 3840,partial,△
6806,2025-09-04,3760,1720 / 3620 / 3220 / 3320 / 5420,1720 / 3620,3220 / 3320 / 5420,partial,△
6807,2025-09-05,8710,5520 / 3720 / 5920 / 6520 / 1320,5520 / 3720,5920 / 6520 / 1320,partial,△
6808,2025-09-08,8410,3720 / 3510 / 3620 / 3220 / 3570,3720 / 3510,3620 / 3220 / 3570,partial,△
6809,2025-09-09,2600,3920 / 3710 / 3220 / 3910 / 3850,3920 / 3710,3220 / 3910 / 3850,partial,△
6810,2025-09-10,6790,5920 / 3820 / 5620 / 6920 / 3940,5920 / 3820,5620 / 6920 / 3940,partial,△
6811,2025-09-11,9610,3590 / 3790 / 3320 / 3390 / 3220,3590 / 3790,3320 / 3390 / 3220,partial,△
6812,2025-09-12,9910,7620 / 3620 / 7820 / 7950 / 1920,7620 / 3620,7820 / 7950 / 1920,partial,△
6813,2025-09-15,8670,3720 / 7620 / 7220 / 3710 / 4720,3720 / 7620,7220 / 3710 / 4720,partial,△
6814,2025-09-16,3140,3940 / 3950 / 3990 / 3910 / 3840,3940 / 3950,3990 / 3910 / 3840,near,▲
6815,2025-09-17,6040,5920 / 1820 / 6920 / 3320 / 3620,5920 / 1820,6920 / 3320 / 3620,partial,△
6816,2025-09-18,1520,3620 / 5920 / 8920 / 3910 / 3120,3620 / 5920,8920 / 3910 / 3120,partial,△
6817,2025-09-19,7210,5420 / 3920 / 3720 / 5820 / 5620,5420 / 3920,3720 / 5820 / 5620,partial,△
6818,2025-09-22,8080,7720 / 6720 / 3710 / 1720 / 3750,7720 / 6720,3710 / 1720 / 3750,partial,※
6819,2025-09-23,7870,3620 / 3320 / 3960 / 3420 / 7920,3620 / 3320,3960 / 3420 / 7920,partial,△
6820,2025-09-24,4770,7420 / 9920 / 7440 / 5420 / 9460,7420 / 9920,7440 / 5420 / 9460,partial,△
6821,2025-09-25,7280,3920 / 5720 / 3720 / 8520 / 8920,3920 / 5720,3720 / 8520 / 8920,partial,△
6822,2025-09-26,5400,3720 / 9420 / 1720 / 3820 / 8720,3720 / 9420,1720 / 3820 / 8720,partial,△
6823,2025-09-29,0120,3920 / 5420 / 7720 / 5720 / 5820,3920 / 5420,7720 / 5720 / 5820,partial,△
6824,2025-09-30,7650,5920 / 7420 / 7220 / 3420 / 7320,5920 / 7420,7220 / 3420 / 7320,partial,△
6825,2025-10-01,2800,9990 / 7920 / 9910 / 9620 / 3690,9990 / 7920,9910 / 9620 / 3690,partial,△
6826,2025-10-02,9160,5420 / 3620 / 3220 / 6420 / 9620,5420 / 3620,3220 / 6420 / 9620,partial,△
6827,2025-10-03,9640,7420 / 7720 / 7520 / 7320 / 3220,7420 / 7720,7520 / 7320 / 3220,partial,△
6828,2025-10-06,9330,3920 / 3620 / 9920 / 7910 / 3820,3920 / 3620,9920 / 7910 / 3820,partial,△
6829,2025-10-07,7170,7720 / 3320 / 7340 / 7620 / 7220,7720 / 3320,7340 / 7620 / 7220,partial,△
6830,2025-10-08,2200,3920 / 9420 / 7820 / 3820 / 3940,3920 / 9420,7820 / 3820 / 3940,partial,△
6831,2025-10-09,3520,5720 / 9420 / 7720 / 3710 / 3220,5720 / 9420,7720 / 3710 / 3220,near,▲
6832,2025-10-10,1480,3520 / 7420 / 1520 / 6420 / 3220,3520 / 7420,1520 / 6420 / 3220,partial,△
6833,2025-10-13,8960,5420 / 7420 / 3440 / 7720 / 3740,5420 / 7420,3440 / 7720 / 3740,partial,※
6834,2025-10-14,7060,3420 / 3920 / 3520 / 3710 / 3780,3420 / 3920,3520 / 3710 / 3780,partial,△
6835,2025-10-15,3500,3920 / 7620 / 5920 / 6920 / 7910,3920 / 7620,5920 / 6920 / 7910,partial,△
6836,2025-10-16,3250,7420 / 5520 / 1520 / 7520 / 7820,7420 / 5520,1520 / 7520 / 7820,partial,△
6837,2025-10-17,4410,7790 / 3490 / 5790 / 5720 / 3740,7790 / 3490,5790 / 5720 / 3740,partial,△
6838,2025-10-20,1000,3920 / 5720 / 3820 / 5410 / 3220,3920 / 5720,3820 / 5410 / 3220,partial,△
6839,2025-10-21,6070,7920 / 3820 / 3720 / 5620 / 3420,7920 / 3820,3720 / 5620 / 3420,partial,△
6840,2025-10-22,3260,3960 / 3820 / 3720 / 3320 / 3660,3960 / 3820,3720 / 3320 / 3660,near,▲
6841,2025-10-23,6120,7720 / 3820 / 6720 / 5420 / 8420,7720 / 3820,6720 / 5420 / 8420,near,▲
6842,2025-10-24,5910,3420 / 3620 / 3520 / 5920 / 5820,3420 / 3620,3520 / 5920 / 5820,near,▲
6843,2025-10-27,5230,3220 / 3710 / 5720 / 3920 / 3410,3220 / 3710,5720 / 3920 / 3410,partial,△
6844,2025-10-28,0170,3420 / 3820 / 7420 / 3460 / 7740,3420 / 3820,7420 / 3460 / 7740,partial,△
6845,2025-10-29,7140,7220 / 7940 / 7820 / 3940 / 7950,7220 / 7940,7820 / 3940 / 7950,near,▲
6846,2025-10-30,7260,3920 / 9420 / 7420 / 9820 / 9320,3920 / 9420,7420 / 9820 / 9320,partial,△
6847,2025-10-31,1370,3720 / 3420 / 7820 / 9820 / 9220,3720 / 3420,7820 / 9820 / 9220,partial,△
6848,2025-11-03,2750,3820 / 5820 / 3420 / 3840 / 3920,3820 / 5820,3420 / 3840 / 3920,partial,△
6849,2025-11-04,2270,3520 / 3920 / 3510 / 3390 / 3720,3520 / 3920,3510 / 3390 / 3720,partial,△
6850,2025-11-05,2820,3420 / 9720 / 5720 / 3460 / 5740,3420 / 9720,5720 / 3460 / 5740,partial,△
6851,2025-11-06,9810,5420 / 3820 / 3620 / 3320 / 9620,5420 / 3820,3620 / 3320 / 9620,partial,△
6852,2025-11-07,0490,7220 / 7470 / 7920 / 3420 / 7610,7220 / 7470,7920 / 3420 / 7610,partial,△
6853,2025-11-10,7270,7720 / 7820 / 7990 / 7790 / 5490,7720 / 7820,7990 / 7790 / 5490,box,〇
6854,2025-11-11,4030,9420 / 7740 / 7760 / 3420 / 3760,9420 / 7740,7760 / 3420 / 3760,partial,△
6855,2025-11-12,1230,5960 / 5940 / 8920 / 3940 / 3660,5960 / 5940,8920 / 3940 / 3660,partial,△
6856,2025-11-13,9910,5720 / 3460 / 5420 / 5760 / 3860,5720 / 3460,5420 / 5760 / 3860,partial,※
6857,2025-11-14,1160,7710 / 7620 / 7410 / 7610 / 3220,7710 / 7620,7410 / 7610 / 3220,partial,△
6858,2025-11-17,1840,5920 / 5220 / 7920 / 5420 / 8920,5920 / 5220,7920 / 5420 / 8920,partial,△
6859,2025-11-18,4440,7420 / 3920 / 5220 / 8420 / 3460,7420 / 3920,5220 / 8420 / 3460,partial,△
6860,2025-11-19,1860,8420 / 5920 / 3920 / 5220 / 5440,8420 / 5920,3920 / 5220 / 5440,partial,△
6861,2025-11-20,6930,7420 / 3820 / 8420 / 5410 / 7410,7420 / 3820,8420 / 5410 / 7410,partial,△
6862,2025-11-21,7410,3760 / 3460 / 3660 / 3710 / 3410,3760 / 3460,3660 / 3710 / 3410,near,▲
6863,2025-11-24,2580,9410 / 3410 / 9920 / 7820 / 9810,9410 / 3410,9920 / 7820 / 9810,partial,△
6864,2025-11-25,4450,3440 / 3820 / 3520 / 9440 / 5440,3440 / 3820,3520 / 9440 / 5440,box,〇
6865,2025-11-26,3240,3410 / 5420 / 3440 / 3990 / 8410,3410 / 5420,3440 / 3990 / 8410,near,▲
6866,2025-11-27,8030,1420 / 3820 / 7420 / 5420 / 1410,1420 / 3820,7420 / 5420 / 1410,partial,△
6867,2025-11-28,0760,3910 / 3620 / 3660 / 3720 / 3760,3910 / 3620,3660 / 3720 / 3760,near,▲
6868,2025-12-01,3960,7720 / 3920 / 5520 / 7510 / 7710,7720 / 3920,5520 / 7510 / 7710,near,▲
6869,2025-12-02,9360,3420 / 1420 / 7720 / 6220 / 1710,3420 / 1420,7720 / 6220 / 1710,partial,△
6870,2025-12-03,2630,7420 / 7810 / 7920 / 3820 / 7360,7420 / 7810,7920 / 3820 / 7360,partial,△
6871,2025-12-04,5710,9960 / 3910 / 9910 / 3620 / 6960,9960 / 3910,9910 / 3620 / 6960,partial,△
6872,2025-12-05,7840,3510 / 5520 / 3220 / 3720 / 3710,3510 / 5520,3220 / 3720 / 3710,partial,△
6873,2025-12-08,4930,3420 / 9220 / 9920 / 7220 / 7460,3420 / 9220,9920 / 7220 / 7460,partial,△
6874,2025-12-09,1230,3720 / 3460 / 5220 / 5260 / 3740,3720 / 3460,5220 / 5260 / 3740,partial,△
6875,2025-12-10,2720,3460 / 3710 / 5760 / 3860 / 7460,3460 / 3710,5760 / 3860 / 7460,partial,△
6876,2025-12-11,2080,9920 / 3720 / 5520 / 9220 / 7920,9920 / 3720,5520 / 9220 / 7920,partial,△
6877,2025-12-12,5280,5920 / 9940 / 9960 / 3720 / 5960,5920 / 9940,9960 / 3720 / 5960,partial,△
6878,2025-12-15,2210,3420 / 3820 / 3740 / 3760 / 3220,3420 / 3820,3740 / 3760 / 3220,partial,△
6879,2025-12-16,3100,9720 / 5720 / 3410 / 3820 / 3220,9720 / 5720,3410 / 3820 / 3220,partial,△
6880,2025-12-17,4970,3220 / 1910 / 3820 / 1820 / 6220,3220 / 1910,3820 / 1820 / 6220,partial,△
6881,2025-12-18,8790,3720 / 5760 / 3260 / 3420 / 3440,3720 / 5760,3260 / 3420 / 3440,partial,△
6882,2025-12-19,9440,3520 / 3910 / 3720 / 3290 / 3120,3520 / 3910,3720 / 3290 / 3120,partial,△
6883,2025-12-22,7850,7920 / 7410 / 3420 / 7710 / 7810,7920 / 7410,3420 / 7710 / 7810,near,▲
6884,2025-12-23,2780,7410 / 3490 / 3410 / 9440 / 9890,7410 / 3490,3410 / 9440 / 9890,partial,△
6885,2025-12-24,9840,9920 / 9520 / 5520 / 5920 / 9960,9920 / 9520,5520 / 5920 / 9960,partial,△
6886,2025-12-25,3330,7410 / 3420 / 7440 / 7720 / 7320,7410 / 3420,7440 / 7720 / 7320,partial,△
6887,2025-12-26,1410,3860 / 3320 / 3360 / 3310 / 3840,3860 / 3320,3360 / 3310 / 3840,partial,△
6888,2025-12-29,1210,3820 / 3220 / 5420 / 3720 / 3440,3820 / 3220,5420 / 3720 / 3440,partial,△
6889,2025-12-30,2020,3420 / 3810 / 7710 / 5710 / 7410,3420 / 3810,7710 / 5710 / 7410,partial,△
6890,2026-01-05,5260,3820 / 3910 / 9820 / 3320 / 3420,3820 / 3910,9820 / 3320 / 3420,partial,△
6891,2026-01-06,3000,3420 / 7420 / 5720 / 1420 / 3410,3420 / 7420,5720 / 1420 / 3410,partial,△
6892,2026-01-07,2630,1910 / 3910 / 1820 / 6920 / 7910,1910 / 3910,1820 / 6920 / 7910,partial,△
6893,2026-01-08,6320,9920 / 9910 / 3940 / 5920 / 3610,9920 / 9910,3940 / 5920 / 3610,partial,△
6894,2026-01-09,5510,3420 / 7820 / 3720 / 3810 / 7420,3420 / 7820,3720 / 3810 / 7420,partial,△
6895,2026-01-12,8270,7420 / 1420 / 1410 / 5420 / 9420,7420 / 1420,1410 / 5420 / 9420,partial,△
6896,2026-01-13,6990,3760 / 3740 / 3440 / 3220 / 3880,3760 / 3740,3440 / 3220 / 3880,partial,△
6897,2026-01-14,4040,3290 / 3210 / 3710 / 3490 / 1220,3290 / 3210,3710 / 3490 / 1220,partial,△
6898,2026-01-15,0600,3820 / 8920 / 3910 / 5910 / 5320,3820 / 8920,3910 / 5910 / 5320,partial,※
6899,2026-01-16,4360,7910 / 7620 / 3910 / 3820 / 1910,7910 / 7620,3910 / 3820 / 1910,partial,△
6900,2026-01-19,1740,5820 / 3220 / 5420 / 8820 / 3520,5820 / 3220,5420 / 8820 / 3520,partial,△
6901,2026-01-20,5340,3220 / 3720 / 3320 / 7520 / 3510,3220 / 3720,3320 / 7520 / 3510,partial,△
6902,2026-01-21,6150,3420 / 5820 / 1320 / 5320 / 9320,3420 / 5820,1320 / 5320 / 9320,partial,△
6903,2026-01-22,0220,3920 / 3890 / 3940 / 3810 / 3410,3920 / 3890,3940 / 3810 / 3410,partial,△
6904,2026-01-23,5150,7420 / 3820 / 5720 / 7710 / 1820,7420 / 3820,5720 / 7710 / 1820,partial,△
6905,2026-01-26,1760,3910 / 1990 / 3890 / 3940 / 3490,3910 / 1990,3890 / 3940 / 3490,partial,△
6906,2026-01-27,9640,5520 / 3720 / 3320 / 5720 / 5510,5520 / 3720,3320 / 5720 / 5510,partial,※
6907,2026-01-28,5880,7620 / 7910 / 7960 / 7940 / 7950,7620 / 7910,7960 / 7940 / 7950,partial,△
6908,2026-01-29,1200,1420 / 3460 / 7420 / 3820 / 3320,1420 / 3460,7420 / 3820 / 3320,partial,△
6909,2026-01-30,8270,3420 / 5420 / 7720 / 3220 / 5410,3420 / 5420,7720 / 3220 / 5410,partial,△
6910,2026-02-02,9450,3740 / 3440 / 3460 / 3860 / 3450,3740 / 3440,3460 / 3860 / 3450,near,▲
6911,2026-02-03,7270,7410 / 7990 / 7290 / 7720 / 7910,7410 / 7990,7290 / 7720 / 7910,box,〇
6912,2026-02-04,8340,3720 / 3760 / 9740 / 7740 / 9220,3720 / 3760,9740 / 7740 / 9220,partial,△
6913,2026-02-05,5170,3220 / 3920 / 3720 / 3810 / 3380,3220 / 3920,3720 / 3810 / 3380,partial,△
6914,2026-02-06,4030,1220 / 3260 / 3960 / 1920 / 7220,1220 / 3260,3960 / 1920 / 7220,partial,△
6915,2026-02-09,7980,3920 / 5940 / 3910 / 5820 / 8920,3920 / 5940,3910 / 5820 / 8920,partial,△
6916,2026-02-10,3950,3220 / 3720 / 9240 / 5220 / 9260,3220 / 3720,9240 / 5220 / 9260,partial,△
6917,2026-02-11,8960,1210 / 1720 / 3290 / 1240 / 3210,1210 / 1720,3290 / 1240 / 3210,partial,△
6918,2026-02-12,0040,3420 / 3210 / 3710 / 3620 / 7220,3420 / 3210,3710 / 3620 / 7220,partial,△
6919,2026-02-13,3760,5920 / 7720 / 7910 / 7940 / 9920,5920 / 7720,7910 / 7940 / 9920,partial,△
6920,2026-02-16,9780,1220 / 3220 / 5520 / 5220 / 7920,1220 / 3220,5520 / 5220 / 7920,partial,△
6921,2026-02-17,5050,7220 / 7740 / 7960 / 7240 / 7340,7220 / 7740,7960 / 7240 / 7340,partial,※
6922,2026-02-18,4400,3920 / 3940 / 1910 / 1940 / 7920,3920 / 3940,1910 / 1940 / 7920,partial,△
6923,2026-02-19,1660,3420 / 5820 / 3220 / 3720 / 5910,3420 / 5820,3220 / 3720 / 5910,partial,△
6924,2026-02-20,1150,3910 / 5910 / 3820 / 3620 / 5930,3910 / 5910,3820 / 3620 / 5930,partial,△
6925,2026-02-23,4760,3920 / 5920 / 3290 / 5940 / 3960,3920 / 5920,3290 / 5940 / 3960,partial,△
6926,2026-02-24,5080,3920 / 3720 / 3220 / 1920 / 1520,3920 / 3720,3220 / 1920 / 1520,partial,△
6927,2026-02-25,9180,5920 / 3960 / 1960 / 5940 / 3320,5920 / 3960,1960 / 5940 / 3320,partial,△
6928,2026-02-26,0990,7940 / 5920 / 3920 / 7420 / 5940,7940 / 5920,3920 / 7420 / 5940,partial,△
6929,2026-02-27,5860,7220 / 5720 / 5220 / 7710 / 3710,7220 / 5720,5220 / 7710 / 3710,partial,△
6930,2026-03-02,6260,5420 / 7420 / 9420 / 3440 / 1820,5420 / 7420,9420 / 3440 / 1820,partial,△
6931,2026-03-03,0870,5720 / 3710 / 3740 / 3220 / 5820,5720 / 3710,3740 / 3220 / 5820,partial,△
6932,2026-03-04,4040,3460 / 5460 / 7420 / 5420 / 3260,3460 / 5460,7420 / 5420 / 3260,partial,△
6933,2026-03-05,8520,5960 / 5940 / 5820 / 5950 / 3910,5960 / 5940,5820 / 5950 / 3910,box,〇
6934,2026-03-06,5920,3820 / 3720 / 3120 / 3320 / 7420,3820 / 3720,3120 / 3320 / 7420,partial,△
6935,2026-03-09,8190,5720 / 1220 / 7720 / 3420 / 3820,5720 / 1220,7720 / 3420 / 3820,partial,△
6936,2026-03-10,6310,3220 / 3910 / 3960 / 3890 / 3810,3220 / 3910,3960 / 3890 / 3810,partial,△
6937,2026-03-11,0920,3310 / 5820 / 5320 / 3920 / 5310,3310 / 5820,5320 / 3920 / 5310,near,▲
6938,2026-03-12,4200,3720 / 3220 / 8720 / 1720 / 5820,3720 / 3220,8720 / 1720 / 5820,partial,△
6939,2026-03-13,2470,5420 / 5760 / 8720 / 3420 / 8820,5420 / 5760,8720 / 3420 / 8820,partial,△
6940,2026-03-16,4210,3460 / 5420 / 5460 / 3960 / 3760,3460 / 5420,5460 / 3960 / 3760,partial,△
